Design temperature <,40 deg C ambient temp,,,,,,,,,,,,,,,,,,,,,,,,,,,,,,,,,,,,,,,,,,,,
Design life =~ ,10 years,,,,,,,,,,,,,,,,,,,,,,,,,,,,,,,,,,,,,,,,,,,,
Equation= ,,,,,,,,,,,,,,,,,,,,,,,,,,,,,,,,,,,,,,,,,,,,,
,20 deg,21 deg,22 deg,23 deg,24 deg,25 deg,26 deg,27 deg,28 deg,29 deg,30 deg,31 deg,32 deg,33 deg,34 deg,35 deg ,36 deg,37 deg,38 deg,39 deg,40 deg,41 deg,42 deg,43 deg,44 deg,45 deg,46 deg,47 deg,48 deg,49 deg,50 deg,,,,,,,,,,,,,,
shape parameter = ,1.6977,1.7071,1.7193,1.6958,1.7406,1.7395,1.7249,1.7129,1.7043,1.7285,1.6891,1.6895,1.711,1.7114,1.7098,1.7081,1.7191,1.70,1.7314,1.7466,1.7184,1.7203,1.733,1.715,1.7182,1.7336,1.7129,1.6827,1.748,1.6847,1.7115,,,,,,,,,,,,,,
scale parameter = ,66.623,62.218,58.22,54.722,50.639,47.583,44.046,41.009,38.017,35.769,33.174,31.393,28.975,27.156,25.311,23.512,22.3,20.86,19.383,18.084,16.892,15.776,14.668,13.759,12.787,11.873,11.017,10.303,9.6121,8.959,8.4064,,,,,,,,,,,,,,
,,,,,,,,,,,,,,,,,,,,,,,,,,,,,,,,,,,,,,,,,,,,,
Time/Age [years],20 deg,21 deg,22 deg,23 deg,24 deg,25 deg,26 deg,27 deg,28 deg,29 deg,30 deg,31 deg,32 deg,33 deg,34 deg,35 deg,36 deg,37 deg,38 deg,39 deg,40 deg,41 deg,42 deg,43 deg,44 deg,45 deg,46 deg,47 deg,48 deg,49 deg,50 deg,,,,,,,,,,,,,,
0,0,0,0,0,0,0,0,0,0,0,0,0,0,0,0,0,0,0,0,0,0,0,0,0,0,0,0,0,0,0,0,,,,,,,,,,,,,,
1,0.000801418,0.000865801,0.000922807,0.001127665,0.001078795,0.001207286,0.001459179,0.001725537,0.002026764,0.002062127,0.002695469,0.002954327,0.003146254,0.003510094,0.003978839,0.004536421,0.004798274,0.005634294,0.005884078,0.00634786,0.007738681,0.008653664,0.009475746,0.011089304,0.0124632,0.013619701,0.016273901,0.01955263,0.018961959,0.024566226,0.025814464,,,,,,,,,,,,,,
2,0.002597331,0.002824101,0.003035374,0.003648532,0.003600501,0.004025674,0.004815314,0.00564553,0.006589529,0.006817251,0.008665659,0.009497745,0.010263651,0.011448979,0.012956689,0.01474578,0.015710706,0.018240204,0.019405034,0.021142504,0.02524081,0.028232149,0.03115371,0.035947164,0.040425006,0.044580231,0.052366849,0.061423794,0.062279568,0.076846865,0.082087337,,,,,,,,,,,,,,
3,0.005163193,0.005634731,0.006085568,0.007243517,0.007278888,0.00813304,0.009667283,0.011274581,0.013108091,0.013692326,0.017115224,0.01875395,0.020434164,0.02278412,0.025748476,0.029257623,0.031294104,0.036068489,0.038769403,0.042458273,0.05001991,0.055904339,0.061905268,0.070753727,0.079483981,0.087989876,0.102124227,0.117866312,0.122457245,0.146423019,0.157552767,,,,,,,,,,,,,,
4,0.008400784,0.009191343,0.009960045,0.011771438,0.011981302,0.013379328,0.015829196,0.018388398,0.021313987,0.022413572,0.027674513,0.030311991,0.033211532,0.03700708,0.041763154,0.047378549,0.050799405,0.058212676,0.062996044,0.069197319,0.080685029,0.090049192,0.099862819,0.113245134,0.126958157,0.14072025,0.161656006,0.184132822,0.194256988,0.226671011,0.244605135,,,,,,,,,,,,,,
5,0.01224621,0.01342413,0.014583585,0.017139167,0.017617586,0.019661921,0.023173822,0.026833172,0.031022244,0.032787939,0.040086392,0.043883635,0.048274276,0.053747478,0.060565398,0.068591821,0.073658021,0.083984912,0.09131228,0.100471034,0.116127083,0.12935737,0.143481712,0.161567131,0.180625654,0.20012007,0.227724267,0.256390608,0.273147159,0.312266972,0.336997532,,,,,,,,,,,,,,
6,0.016651731,0.018280488,0.019898922,0.023276077,0.024117529,0.026900401,0.031601273,0.036487838,0.042086569,0.044659595,0.054145684,0.059237267,0.06535818,0.072698215,0.081791319,0.092461975,0.099384117,0.112799121,0.123041543,0.135487009,0.155373241,0.172674336,0.191382883,0.214086809,0.238528029,0.263833217,0.297520048,0.33142506,0.355174253,0.398876847,0.429636785,,,,,,,,,,,,,,
7,0.02157882,0.023717611,0.025859002,0.030124314,0.031422197,0.035026861,0.041027048,0.047249761,0.054382441,0.057893501,0.069676581,0.076173327,0.084231323,0.093588044,0.105117855,0.118600624,0.127540084,0.144130197,0.157565774,0.173513234,0.197540822,0.218953127,0.242310466,0.269342095,0.298923534,0.329768832,0.368622946,0.406568862,0.43699508,0.483086688,0.518570908,,,,,,,,,,,,,,
8,0.026994807,0.029698912,0.032423236,0.037634113,0.039479737,0.043981234,0.051376316,0.059027915,0.067799107,0.07236767,0.086522066,0.094512875,0.104682623,0.116169139,0.130249116,0.1466515,0.157721854,0.177496855,0.194311004,0.21386609,0.241821226,0.267239562,0.29512235,0.326029471,0.36027956,0.396106752,0.438999151,0.479676362,0.515915532,0.562356249,0.600958068,,,,,,,,,,,,,,
9,0.032871017,0.036192047,0.039555433,0.045761223,0.048243074,0.05370874,0.062580801,0.0717392,0.082235284,0.087969047,0.104538313,0.114091584,0.126515969,0.140210835,0.156909661,0.176283302,0.189552241,0.212453925,0.232742042,0.255907384,0.287474994,0.316668917,0.34879132,0.38300314,0.421274638,0.461307186,0.507000898,0.549098997,0.589899339,0.634950362,0.674980362,,,,,,,,,,,,,,
10,0.039181655,0.043167715,0.047222551,0.054465365,0.057668531,0.064158367,0.074576942,0.085306272,0.097596654,0.104591168,0.123591484,0.134756343,0.149547018,0.165496316,0.184841061,0.207186199,0.222677958,0.248588899,0.272361075,0.299045033,0.333831135,0.366466471,0.402408719,0.439276209,0.480799871,0.524114414,0.571356313,0.613650148,0.657540653,0.699843373,0.73970847,,,,,,,,,,,,,,
11,0.045903076,0.050598894,0.0553939,0.063709243,0.06771496,0.075281914,0.087304748,0.099656212,0.113794333,0.12213276,0.143555805,0.156363247,0.173601421,0.191820839,0.213800138,0.239070153,0.25676845,0.285520499,0.312707941,0.342735028,0.3802878,0.415948746,0.455187316,0.494020214,0.537956135,0.583551464,0.631147458,0.672558318,0.718005284,0.756604247,0.794935669,,,,,,,,,,,,,,
12,0.053013301,0.058460321,0.064040608,0.073457884,0.078343168,0.087033372,0.100707059,0.114719663,0.130743903,0.140496893,0.16431238,0.178776381,0.198513827,0.218990799,0.243558115,0.271664197,0.291515594,0.322898175,0.353360987,0.386483532,0.426312934,0.464524004,0.506462024,0.546561647,0.592046124,0.638905725,0.68577791,0.725411397,0.770949614,0.80527308,0.841001375,,,,,,,,,,,,,,
13,0.060491677,0.066728136,0.073135246,0.083678189,0.089515532,0.09936851,0.114729053,0.130430276,0.148364786,0.159590468,0.185748447,0.201867067,0.224127358,0.246823281,0.273900254,0.30471618,0.326633808,0.360401972,0.39393794,0.429848542,0.471444274,0.511691421,0.555687988,0.596375228,0.642561488,0.689706894,0.734932625,0.772095982,0.816427228,0.846239223,0.878621501,,,,,,,,,,,,,,
14,0.068318623,0.075379622,0.082651572,0.094338607,0.101195728,0.11224459,0.129317924,0.146724333,0.16657984,0.179323916,0.207756902,0.225513409,0.250293337,0.275145872,0.304625742,0.337992735,0.361860267,0.397742449,0.434096497,0.47244084,0.515288415,0.557038726,0.602436105,0.643074215,0.689165949,0.735699207,0.778533274,0.812735753,0.854792545,0.880129094,0.908738057,,,,,,,,,,,,,,
15,0.076475461,0.084393017,0.092564338,0.105408901,0.113348551,0.12562018,0.144422659,0.163540507,0.185315092,0.199611028,0.230236006,0.249600002,0.276871193,0.303796618,0.3355477,0.371279292,0.396955102,0.434660499,0.4735345,0.513924105,0.557518883,0.600238364,0.646386225,0.686398297,0.731675509,0.776810127,0.816692106,0.847632351,0.886609024,0.907709068,0.932395283,,,,,,,,,,,,,,
16,0.084944268,0.093747373,0.102849152,0.116859982,0.125939782,0.139455022,0.159993893,0.180819698,0.204499573,0.220368872,0.253089193,0.274017768,0.303728431,0.33262404,0.366493213,0.404380078,0.431701467,0.470926967,0.511989614,0.554014185,0.597873245,0.641042366,0.687318483,0.726199745,0.770036923,0.813117535,0.849666968,0.877211378,0.912567386,0.929806304,0.950645008,,,,,,,,,,,,,,
17,0.093707781,0.103422456,0.113482372,0.12866378,0.138936104,0.15370995,0.175983813,0.19850493,0.224065208,0.241517771,0.276224953,0.298663845,0.330740646,0.361487174,0.39730334,0.437118016,0.465905443,0.506342029,0.54923851,0.592477552,0.63614939,0.679276139,0.725103232,0.76242852,0.80430555,0.844817235,0.877819549,0.901975283,0.933417126,0.947248113,0.964480332,,,,,,,,,,,,,,
18,0.102749317,0.113398657,0.124441034,0.140793151,0.152305036,0.168346829,0.192346097,0.216541288,0.243946756,0.262981308,0.299556756,0.323441513,0.357791554,0.390255588,0.42783307,0.46933453,0.499395755,0.540734337,0.585095586,0.629129055,0.672201109,0.714831473,0.759690075,0.795116975,0.834623545,0.872192214,0.901578296,0.922464046,0.949912686,0.960818846,0.974794327,,,,,,,,,,,,,,
19,0.112052706,0.123656943,0.135702794,0.153221802,0.166014901,0.183328529,0.209035885,0.234875883,0.264081773,0.284686354,0.323002999,0.348260144,0.384772997,0.418809364,0.45795121,0.500889214,0.532023295,0.573959916,0.619411262,0.663829049,0.705933158,0.747659031,0.791096462,0.824364743,0.861199193,0.895584763,0.921406844,0.939223897,0.962774095,0.97123218,0.98235916,,,,,,,,,,,,,,
20,0.121602249,0.134178798,0.147245884,0.165924246,0.180034794,0.198618904,0.226009756,0.253457832,0.284410594,0.306563107,0.346486964,0.373035148,0.411584937,0.447039037,0.487540186,0.531659385,0.563660462,0.605900859,0.652069915,0.696480037,0.737295962,0.77776058,0.819396269,0.850324284,0.884287977,0.915372137,0.937778316,0.95278372,0.972660777,0.979116086,0.987820629,,,,,,,,,,,,,,
21,0.131382678,0.144946196,0.15904908,0.178875757,0.194334579,0.214182787,0.243225726,0.272238252,0.304876328,0.328545133,0.369936781,0.397687918,0.438135414,0.474845479,0.516495771,0.561539507,0.59420033,0.636463834,0.682987523,0.727022946,0.76628013,0.805181213,0.844708729,0.873187469,0.904175788,0.931946143,0.951155391,0.963638448,0.98015656,0.985007601,0.991703365,,,,,,,,,,,,,,
22,0.141379123,0.15594157,0.171091685,0.192052338,0.208884874,0.229985994,0.260643253,0.291170264,0.325424848,0.3505694,0.393285377,0.422145759,0.464340472,0.502139726,0.544726724,0.590440517,0.623555668,0.665578444,0.712109085,0.755433155,0.792910928,0.830001758,0.867187993,0.893173471,0.921164507,0.945696723,0.961975755,0.972238475,0.985763602,0.989354682,0.994422595,,,,,,,,,,,,,,
23,0.151577097,0.167147792,0.183353507,0.205430707,0.22365706,0.245995333,0.278223241,0.310208996,0.346004799,0.372576312,0.416470435,0.446341808,0.490124042,0.528842757,0.572154358,0.618289039,0.651657835,0.693195469,0.73940589,0.781716391,0.817242841,0.852331558,0.887013545,0.910518131,0.935560047,0.956999377,0.970642312,0.978984029,0.98990295,0.992522714,0.99629923,,,,,,,,,,,,,,
24,0.161962467,0.178548154,0.195814851,0.218988272,0.238623282,0.262178612,0.295928053,0.329311586,0.366567586,0.394509729,0.439434323,0.470214935,0.515417794,0.554885217,0.598712043,0.64502653,0.678455565,0.71928504,0.764872696,0.805904599,0.839354342,0.872301739,0.90438163,0.925464881,0.947662789,0.966206123,0.977517437,0.98422343,0.992919634,0.994803719,0.99757588,,,,,,,,,,,,,,
25,0.172521448,0.190126361,0.20845651,0.232703124,0.253756461,0.278504655,0.313721525,0.348437196,0.38706737,0.416316978,0.462124027,0.49370962,0.540160953,0.580207088,0.624344642,0.670608343,0.703913681,0.743834757,0.788524888,0.828051885,0.859342953,0.890059089,0.919497772,0.938257226,0.957760284,0.973639545,0.982920486,0.988254227,0.99509051,0.996426726,0.998432216,,,,,,,,,,,,,,
26,0.183240587,0.201866518,0.221259761,0.246554028,0.2690303,0.294943318,0.331568973,0.367547006,0.40746106,0.437948852,0.484491063,0.516775825,0.564300078,0.604757328,0.649007901,0.695002752,0.728011754,0.766847803,0.81039566,0.84823059,0.877320678,0.905760584,0.932570419,0.949132735,0.966121991,0.979589457,0.987127834,0.991326332,0.996633439,0.997568224,0.998998724,,,,,,,,,,,,,,
27,0.194106756,0.213753128,0.234206365,0.260520415,0.284419297,0.3114655,0.349437207,0.386604221,0.427708287,0.459359602,0.506491374,0.539368837,0.587788812,0.628493461,0.672667797,0.718189935,0.750742724,0.78834107,0.83053328,0.866527589,0.893409844,0.919568626,0.943805709,0.958318429,0.972995816,0.984311683,0.990374731,0.993646398,0.99771675,0.998361976,0.999368436,,,,,,,,,,,,,,
28,0.205107144,0.225771082,0.247278562,0.27458238,0.299898755,0.328043159,0.367294539,0.405574065,0.447771388,0.480506903,0.528085228,0.5614491,0.610587606,0.651381142,0.695299856,0.740160934,0.772111518,0.808343337,0.848998464,0.883040841,0.907739398,0.931646968,0.953403299,0.966027435,0.97860615,0.988028456,0.992858391,0.995382839,0.998468268,0.998907784,0.999606507,,,,,,,,,,,,,,
29,0.216229253,0.237905659,0.260459075,0.288720676,0.315444796,0.344649325,0.385110786,0.424423776,0.467615371,0.501351827,0.549237084,0.582982032,0.632663415,0.673393693,0.716888443,0.760916613,0.79213368,0.8268935,0.86586191,0.89787624,0.920441661,0.942157331,0.961553178,0.972456755,0.983153153,0.99093002,0.99474181,0.996671048,0.998983476,0.999278993,0.999757804,,,,,,,,,,,,,,
30,0.227460892,0.250142524,0.273731112,0.302916713,0.331034365,0.36125811,0.402857278,0.443122591,0.487207877,0.521858784,0.569915465,0.603937827,0.653989376,0.694511615,0.737426043,0.78046662,0.810834018,0.844038893,0.881202001,0.911144787,0.931649548,0.951256683,0.968433375,0.977785976,0.986813001,0.993177024,0.996157915,0.997618474,0.99933258,0.999528741,0.999852714,,,,,,,,,,,,,,
31,0.238790176,0.262467728,0.287078363,0.317152555,0.346645246,0.377844719,0.420506852,0.461641731,0.506519138,0.541995468,0.590092811,0.624291248,0.674544471,0.714722099,0.75691254,0.798828365,0.828245304,0.859833714,0.895102701,0.922960097,0.941494233,0.959095104,0.974208443,0.982176762,0.989738858,0.9949034,0.997213748,0.998309345,0.999566422,0.999694988,0.999911494,,,,,,,,,,,,,,
32,0.250205521,0.274867704,0.300485006,0.331410921,0.362256067,0.394385454,0.438033853,0.479954382,0.525521923,0.56173278,0.609745325,0.644021409,0.694313175,0.734018508,0.775354493,0.816026034,0.844407028,0.874337543,0.907651665,0.93343624,0.950103249,0.965814224,0.979028614,0.985772971,0.992062358,0.996219467,0.99799448,0.99880892,0.999721286,0.999804497,0.999947441,,,,,,,,,,,,,,
33,0.261695645,0.287329269,0.31393571,0.345675177,0.377846307,0.410857724,0.455414127,0.498035664,0.544191486,0.58104475,0.628852815,0.663111545,0.713285093,0.752399877,0.792764427,0.832089624,0.859364213,0.887614001,0.918938548,0.942685913,0.957598986,0.971546129,0.983029502,0.988701258,0.993895414,0.997215054,0.998567098,0.99916719,0.999822698,0.999875888,0.999969152,,,,,,,,,,,,,,
34,0.273249566,0.299839624,0.327415633,0.359929342,0.393396301,0.427240041,0.472625005,0.515862604,0.562505496,0.599908445,0.64739852,0.681548786,0.731454594,0.769870392,0.809160135,0.847054045,0.873166308,0.899729511,0.929053534,0.95081893,0.964097543,0.976412699,0.986332251,0.991072011,0.995332206,0.997962506,0.998983711,0.999422033,0.999888375,0.999921957,0.999982103,,,,,,,,,,,,,,
35,0.2848566,0.312386353,0.340910428,0.374158078,0.408887245,0.443512026,0.489645295,0.533414102,0.580443976,0.618303867,0.665368943,0.699323915,0.748820443,0.786438897,0.82456401,0.860958248,0.885866165,0.910752201,0.93808607,0.957941011,0.969707923,0.980525301,0.989044033,0.992980545,0.996451222,0.998519475,0.999284424,0.999601855,0.999930443,0.999951387,0.999989736,,,,,,,,,,,,,,
36,0.296506361,0.324957427,0.354406239,0.388346691,0.424301197,0.459654402,0.506455265,0.550670887,0.597989223,0.636213849,0.682753673,0.71643113,0.765385432,0.802118394,0.839002398,0.873844431,0.897519094,0.920750923,0.9461238,0.96415284,0.974531494,0.983984779,0.99125879,0.994508421,0.997317263,0.998931444,0.999499782,0.999727735,0.999957098,0.99997,0.99999418,,,,,,,,,,,,,,
37,0.308188759,0.337541197,0.36788971,0.402481125,0.439621078,0.475648994,0.523036618,0.567615481,0.615125736,0.653623941,0.699545201,0.732867809,0.781156015,0.816925561,0.852504984,0.885757285,0.908182012,0.929794399,0.953251688,0.969549378,0.978661716,0.986881674,0.993058157,0.99572484,0.997983358,0.99923394,0.999652822,0.999815166,0.999973805,0.999981658,0.999996738,,,,,,,,,,,,,,
38,0.319894002,0.350126401,0.381347977,0.416547963,0.45483067,0.491478715,0.539372469,0.584232145,0.631840132,0.670522293,0.715738744,0.748634265,0.796141948,0.830880293,0.865104212,0.896743315,0.917912678,0.937950485,0.959551315,0.974219393,0.982184058,0.989296636,0.994512493,0.996688036,0.998492526,0.99945445,0.999760746,0.999875423,0.999984167,0.999988888,0.999998191,,,,,,,,,,,,,,
39,0.331612594,0.36270216,0.394768675,0.430534414,0.469914614,0.507127562,0.555447325,0.600506834,0.648121059,0.686899526,0.731332059,0.763733511,0.810355939,0.844005255,0.876834742,0.906850211,0.92676901,0.945285547,0.965100344,0.978245185,0.985176094,0.991300963,0.99568196,0.997446636,0.998879377,0.99961405,0.999836279,0.999916634,0.999990525,0.999993329,0.999999009,,,,,,,,,,,,,,
40,0.343335335,0.375257979,0.408139932,0.444428316,0.484858405,0.522580604,0.571247047,0.616427143,0.663959113,0.702748611,0.746325265,0.778171027,0.823813311,0.856325455,0.887732945,0.916126292,0.9348085,0.95186395,0.969972121,0.981702475,0.987707734,0.992957232,0.996617613,0.998040932,0.999171533,0.999728747,0.999888747,0.999944606,0.999994386,0.999996031,0.999999462,,,,,,,,,,,,,,
41,0.355053316,0.387783743,0.421450371,0.458218122,0.499648384,0.537823962,0.586758823,0.63198225,0.679346742,0.718064738,0.76072066,0.791954535,0.83653167,0.867867849,0.897836436,0.924620003,0.942087697,0.957747639,0.974235415,0.984660433,0.989841554,0.994319995,0.997362465,0.998504071,0.999390864,0.999810599,0.999924924,0.999963451,0.999996706,0.99999766,0.999999712,,,,,,,,,,,,,,
42,0.366757927,0.400269723,0.434689109,0.4718929,0.514271733,0.552844799,0.601971132,0.647162861,0.694278162,0.732845184,0.774522546,0.805093769,0.848530596,0.878660964,0.907183652,0.932379474,0.948661778,0.962995814,0.977954264,0.987181815,0.991633211,0.995436494,0.997952498,0.998863128,0.999554557,0.999868606,0.999949686,0.999976053,0.999998087,0.999998633,0.999999847,,,,,,,,,,,,,,
43,0.378440847,0.412706565,0.447845752,0.485442321,0.528716463,0.5676313,0.61687371,0.661961145,0.708749255,0.747089177,0.787737056,0.817600267,0.859831341,0.888734543,0.915813465,0.939452141,0.954584189,0.967664688,0.981187923,0.989323199,0.993131902,0.996347381,0.998417607,0.999140066,0.999676014,0.999909433,0.999966511,0.999984418,0.999998899,0.999999208,0.99999992,,,,,,,,,,,,,,
44,0.390094048,0.425085296,0.460910393,0.498856652,0.542971402,0.582172649,0.631457507,0.676370677,0.722757483,0.760797772,0.80037198,0.829487158,0.870456548,0.898119227,0.923764833,0.945884416,0.959906354,0.971807323,0.983990895,0.991135274,0.99438086,0.997087429,0.998782469,0.99935258,0.999765614,0.999937973,0.999977861,0.99998993,0.999999373,0.999999545,0.999999958,,,,,,,,,,,,,,
45,0.401709794,0.43739732,0.473873609,0.512126748,0.557026187,0.59645901,0.645714651,0.690386373,0.736301789,0.773973709,0.812436603,0.840768963,0.880429989,0.906846256,0.9310765,0.951721414,0.964677451,0.97547352,0.986413023,0.992663193,0.995417861,0.9976862,0.999067318,0.999514838,0.999831336,0.999957789,0.999985462,0.999993537,0.999999646,0.999999741,0.999999979,,,,,,,,,,,,,,
46,0.413280635,0.449634412,0.486726459,0.525244041,0.570871247,0.610481503,0.659638405,0.704004427,0.749382506,0.78662129,0.823941547,0.85146141,0.889776309,0.914947195,0.93778672,0.957006724,0.968944243,0.978709782,0.988499649,0.993946949,0.996275733,0.998168689,0.999288646,0.999638106,0.99987927,0.999971455,0.999990518,0.99999588,0.999999802,0.999999854,0.999999989,,,,,,,,,,,,,,
47,0.424799411,0.461788718,0.499460472,0.53820053,0.584497785,0.624232179,0.673223121,0.717222245,0.762001261,0.798746246,0.834898613,0.861581243,0.898520806,0.922453691,0.943933029,0.961782226,0.972750955,0.981559308,0.990291798,0.995021773,0.996982854,0.998555906,0.999459807,0.999731292,0.999914035,0.999980818,0.999993857,0.999997391,0.99999989,0.999999918,0.999999995,,,,,,,,,,,,,,
48,0.436259245,0.473852754,0.51206765,0.550988773,0.597897769,0.637703993,0.686464202,0.73003838,0.774160884,0.810355611,0.845320637,0.871146063,0.906689211,0.929397254,0.949552037,0.966087957,0.97613921,0.984062049,0.991826416,0.99591854,0.997563631,0.998865419,0.999591556,0.999801391,0.999939108,0.99998719,0.999996046,0.999998359,0.99999994,0.999999955,0.999999997,,,,,,,,,,,,,,
49,0.447653543,0.485819397,0.524540458,0.563601872,0.611063909,0.650890775,0.69935805,0.742452467,0.785865319,0.821457599,0.855221347,0.880174155,0.914307498,0.93580906,0.95467927,0.969962,0.979147991,0.986254776,0.993136607,0.996664168,0.998038945,0.999111839,0.999692498,0.999853868,0.999957092,0.999991498,0.999997472,0.999998975,0.999999967,0.999999975,0.999999999,,,,,,,,,,,,,,
50,0.458975995,0.497681886,0.536871817,0.576033461,0.623989639,0.663787206,0.711902027,0.754465159,0.79711953,0.832061484,0.864615231,0.888684348,0.921401703,0.941719782,0.959349026,0.973440421,0.98181365,0.988171193,0.994251902,0.997282012,0.998426581,0.999307256,0.999769482,0.999892963,0.999969921,0.999994392,0.999998394,0.999999364,0.999999982,0.999999986,0.999999999,,,,,,,,,,,,,,
51,0.470220565,0.509433814,0.549055099,0.588277698,0.636669099,0.676388783,0.724094403,0.76607806,0.80792942,0.842177481,0.873517409,0.896695869,0.927997772,0.94715944,0.963594267,0.976557227,0.984169937,0.989842068,0.995198527,0.997792236,0.998741612,0.999461621,0.999827927,0.999921949,0.999979022,0.999996324,0.999998987,0.999999608,0.999999991,0.999999993,1,,,,,,,,,,,,,,
52,0.481381496,0.521069125,0.561084118,0.60032925,0.649097117,0.688691793,0.735934313,0.777293665,0.818301737,0.851816641,0.881943516,0.904228213,0.93412141,0.952157278,0.967446533,0.979344353,0.986248059,0.991295368,0.995999668,0.99821217,0.998996751,0.999583087,0.999872096,0.999943339,0.999985444,0.999997605,0.999999365,0.99999976,0.999999995,0.999999996,1,,,,,,,,,,,,,,
53,0.492453299,0.53258211,0.572953123,0.612183276,0.661269182,0.700693279,0.747421709,0.78811529,0.828244001,0.860990734,0.889909585,0.911301026,0.93979796,0.956741652,0.970935883,0.981831673,0.988076761,0.992556427,0.996675744,0.99855664,0.999202679,0.999678297,0.999905327,0.999959049,0.999989951,0.999998449,0.999999604,0.999999854,0.999999997,0.999999998,1,,,,,,,,,,,,,,
54,0.503430758,0.543967402,0.584656789,0.62383542,0.673181429,0.71239101,0.758557315,0.798547016,0.837764417,0.869712153,0.89743195,0.917933995,0.945052291,0.960939949,0.974090854,0.98404703,0.989682418,0.9936481,0.997244657,0.998838273,0.999368321,0.999752644,0.999930217,0.999970534,0.999993098,0.999999002,0.999999755,0.999999911,0.999999999,0.999999999,1,,,,,,,,,,,,,,
55,0.514308922,0.555219965,0.59619021,0.635281794,0.684830612,0.723783448,0.769342579,0.808593625,0.8468718,0.877993814,0.904527144,0.924146748,0.949908702,0.964778512,0.976938436,0.986016281,0.991089143,0.994590939,0.997722044,0.999067773,0.99950111,0.999810478,0.999948778,0.99997889,0.999995283,0.999999361,0.999999849,0.999999947,0.999999999,0.999999999,1,,,,,,,,,,,,,,
56,0.525083099,0.566335096,0.607548886,0.646518962,0.696214084,0.734869716,0.779779628,0.818260541,0.855575504,0.885849063,0.911211809,0.929958765,0.95439084,0.96828259,0.979504071,0.987763353,0.992318903,0.995403352,0.998121511,0.999254183,0.999607205,0.9998553,0.999962557,0.999984943,0.999996792,0.999999594,0.999999908,0.999999968,1,1,1,,,,,,,,,,,,,,
57,0.535748859,0.577308415,0.618728718,0.657543931,0.707329774,0.745649569,0.789871222,0.827553772,0.863885346,0.89329159,0.917502618,0.935389297,0.95852163,0.971476299,0.981811659,0.989310323,0.993391644,0.99610178,0.998454849,0.999405102,0.999691691,0.999889906,0.999972743,0.999989306,0.999997829,0.999999743,0.999999944,0.999999981,1,1,1,,,,,,,,,,,,,,
58,0.546302025,0.588135857,0.629725995,0.668354129,0.71817616,0.756123354,0.79962071,0.836479856,0.871811542,0.900335343,0.923416196,0.940457292,0.962323222,0.974382594,0.983883582,0.990677488,0.994325414,0.996700851,0.998732238,0.999526894,0.999758747,0.999916527,0.999980239,0.999992438,0.999998539,0.999999839,0.999999966,0.999999989,1,1,1,,,,,,,,,,,,,,
59,0.556738668,0.598813668,0.640537385,0.678947397,0.728752252,0.766291984,0.809031985,0.845045801,0.879364639,0.906994456,0.928969053,0.945181338,0.965816944,0.977023258,0.985740734,0.991883454,0.995136493,0.997213542,0.998962438,0.999624867,0.999811795,0.999936929,0.999985732,0.999994676,0.999999021,0.999999899,0.99999998,0.999999993,1,1,1,,,,,,,,,,,,,,
60,0.567055108,0.609338398,0.651159925,0.689321972,0.739057561,0.776156905,0.818109444,0.853259038,0.88655546,0.913283176,0.934177523,0.949579604,0.969023266,0.979418899,0.98740256,0.992945225,0.99583952,0.997651326,0.999152958,0.999703429,0.999853624,0.999952509,0.99998974,0.999996267,0.999999347,0.999999937,0.999999988,0.999999996,1,1,1,,,,,,,,,,,,,,
61,0.577247904,0.619706894,0.66159101,0.699476469,0.749092082,0.785720061,0.826857941,0.86112737,0.893395042,0.919215796,0.939057707,0.953669791,0.97196178,0.981588958,0.988887111,0.993878297,0.996447617,0.998024319,0.999310213,0.999766227,0.999886501,0.999964362,0.999992652,0.999997394,0.999999567,0.999999961,0.999999993,0.999999998,1,1,1,,,,,,,,,,,,,,
62,0.587313851,0.629916291,0.671828382,0.70940987,0.758856263,0.794983865,0.835282751,0.868658918,0.899894583,0.924806592,0.943625426,0.957469098,0.974651179,0.98355172,0.990211091,0.994696752,0.996972513,0.99834141,0.999439663,0.999816267,0.999912258,0.999973348,0.999994758,0.999998188,0.999999714,0.999999976,0.999999996,0.999999999,1,1,1,,,,,,,,,,,,,,
63,0.597249979,0.639964007,0.681870118,0.719121508,0.76835099,0.803951166,0.843389527,0.875862081,0.90606539,0.930069771,0.947896178,0.960994185,0.977109252,0.985324342,0.991389919,0.99541335,0.997424659,0.998610388,0.999545941,0.999856016,0.999932374,0.999980136,0.999996276,0.999998746,0.999999812,0.999999986,0.999999998,0.999999999,1,1,1,,,,,,,,,,,,,,
64,0.607053541,0.649847733,0.691714622,0.728611051,0.777577553,0.812625218,0.851184263,0.882745491,0.911918837,0.935019421,0.9518851,0.964261147,0.979352882,0.986922874,0.99243779,0.996039621,0.997813342,0.998838058,0.999632964,0.999887494,0.999948033,0.999985245,0.999997365,0.999999136,0.999999877,0.999999991,0.999999999,1,1,1,1,,,,,,,,,,,,,,
65,0.616722015,0.659565429,0.70136061,0.737878486,0.786537632,0.821009654,0.858673257,0.889317967,0.917466314,0.939669458,0.955606934,0.967285494,0.981398054,0.9883623,0.993367737,0.996585962,0.998146793,0.999030348,0.999704033,0.999912344,0.999960184,0.999989077,0.999998143,0.999999407,0.99999992,0.999999995,0.999999999,1,1,1,1,,,,,,,,,,,,,,
66,0.626253094,0.669115311,0.710807103,0.746924108,0.795233267,0.829108451,0.865863074,0.895588481,0.922719193,0.944033593,0.959076004,0.970082134,0.98325986,0.989656568,0.994191701,0.997061715,0.998432283,0.999192409,0.999761922,0.999931902,0.999969585,0.99999194,0.999998696,0.999999594,0.999999948,0.999999997,1,1,1,1,1,,,,,,,,,,,,,,
67,0.635644682,0.678495851,0.72005341,0.7557485,0.803666841,0.836925904,0.872760511,0.901566116,0.927688786,0.94812529,0.962306191,0.972665365,0.984952522,0.990818635,0.99492059,0.997475261,0.998676221,0.999328701,0.999808952,0.999947247,0.999976834,0.999994073,0.999999088,0.999999724,0.999999967,0.999999998,1,1,1,1,1,,,,,,,,,,,,,,
68,0.644894891,0.687705759,0.729099122,0.764352524,0.811841051,0.844466597,0.87937257,0.907260033,0.932386314,0.951957736,0.965310914,0.975048868,0.986489406,0.991860506,0.995564349,0.997834097,0.99888424,0.999443081,0.999847061,0.999959252,0.999982407,0.999995656,0.999999365,0.999999813,0.999999979,0.999999999,1,1,1,1,1,,,,,,,,,,,,,,
69,0.654002034,0.696743985,0.737944097,0.7727373,0.81975889,0.851735376,0.885706417,0.912679438,0.936822875,0.955543812,0.968103118,0.977245703,0.987883049,0.992793285,0.996132024,0.998144911,0.999061279,0.99953887,0.999877863,0.999968614,0.999986679,0.999996827,0.99999956,0.999999874,0.999999986,0.999999999,1,1,1,1,1,,,,,,,,,,,,,,
70,0.662964616,0.705609704,0.74658845,0.780904199,0.827423626,0.858737324,0.89176936,0.917833552,0.941009415,0.958896067,0.970695266,0.979268316,0.989145182,0.993627212,0.99663182,0.99841366,0.999211655,0.999618921,0.999902695,0.999975894,0.999989942,0.999997689,0.999999696,0.999999915,0.999999991,1,1,1,1,1,1,,,,,,,,,,,,,,
71,0.671781336,0.71430231,0.755032541,0.788854821,0.834838776,0.865477732,0.897568816,0.922731579,0.944956705,0.962026702,0.973099325,0.981128538,0.990286762,0.994371715,0.997071169,0.998645631,0.999339134,0.999685682,0.999922663,0.999981537,0.999992429,0.999998323,0.99999979,0.999999943,0.999999995,1,1,1,1,1,1,,,,,,,,,,,,,,
72,0.680451075,0.722821411,0.763276965,0.796590988,0.842008091,0.871962079,0.903112288,0.927382684,0.948675316,0.964947546,0.97532677,0.982837598,0.991318,0.995035456,0.997456782,0.998845512,0.999446993,0.999741244,0.99993868,0.9999859,0.999994317,0.999998787,0.999999856,0.999999962,0.999999997,1,1,1,1,1,1,,,,,,,,,,,,,,
73,0.688972894,0.731166815,0.771322539,0.804114728,0.848935531,0.878196002,0.908407335,0.931795967,0.9521756,0.96767005,0.97738858,0.984406131,0.992248391,0.995626376,0.997794712,0.999017446,0.999538076,0.999787392,0.999951494,0.999989261,0.999995746,0.999999125,0.999999902,0.999999975,0.999999998,1,1,1,1,1,1,,,,,,,,,,,,,,
74,0.697346026,0.739338527,0.779170292,0.811428257,0.85562525,0.88418528,0.913461552,0.93598044,0.955467675,0.970205268,0.979295239,0.985844191,0.993086753,0.996151738,0.998090401,0.999165088,0.999614844,0.999825641,0.999961721,0.999991844,0.999996825,0.999999371,0.999999933,0.999999983,0.999999999,1,1,1,1,1,1,,,,,,,,,,,,,,
75,0.705569872,0.74733674,0.786821453,0.818533973,0.862081571,0.889935809,0.918282545,0.939945006,0.958561408,0.972563858,0.981056742,0.987161268,0.993841253,0.996618177,0.998348737,0.999291654,0.999679423,0.99985728,0.999969863,0.999993823,0.999997637,0.99999955,0.999999955,0.999999989,0.999999999,1,1,1,1,1,1,,,,,,,,,,,,,,
76,0.713643994,0.755161824,0.794277443,0.825434441,0.868308974,0.895453579,0.922877912,0.943698443,0.961466401,0.974756068,0.9826826,0.988366301,0.994519444,0.997031737,0.998574097,0.999399971,0.999733645,0.999883398,0.999976328,0.999995335,0.999998246,0.999999679,0.999999969,0.999999993,0.999999999,1,1,1,1,1,1,,,,,,,,,,,,,,
77,0.721568113,0.762814323,0.801539857,0.832132377,0.874312073,0.900744659,0.927255222,0.947249385,0.964191983,0.976791738,0.984181849,0.989467694,0.9951283,0.997397918,0.998770394,0.999492513,0.999779086,0.999904916,0.99998145,0.999996487,0.999998702,0.999999771,0.999999979,0.999999995,1,1,1,1,1,1,1,,,,,,,,,,,,,,
78,0.729342098,0.770294943,0.808610464,0.83863064,0.880095602,0.905815176,0.931421998,0.95060631,0.9667472,0.978680298,0.985563058,0.990473343,0.995674243,0.99772171,0.998941121,0.999571446,0.999817096,0.999922608,0.999985498,0.999997361,0.999999042,0.999999838,0.999999986,0.999999997,1,1,1,1,1,1,1,,,,,,,,,,,,,,
79,0.736965963,0.777604545,0.815491188,0.844932218,0.885664398,0.910671294,0.935385699,0.953777522,0.969140809,0.98043077,0.986834342,0.991390645,0.996163184,0.998007638,0.999089389,0.99963866,0.99984883,0.999937125,0.999988688,0.999998024,0.999999295,0.999999885,0.999999991,0.999999998,1,1,1,1,1,1,1,,,,,,,,,,,,,,
80,0.744439863,0.784744141,0.822184099,0.851040217,0.891023384,0.915319202,0.939153708,0.956771144,0.971381273,0.982051769,0.988003371,0.992226524,0.996600548,0.998259795,0.999217961,0.999695799,0.999875276,0.999949014,0.999991197,0.999998524,0.999999483,0.999999919,0.999999994,0.999999999,1,1,1,1,1,1,1,,,,,,,,,,,,,,
81,0.751764086,0.791714879,0.828691409,0.85695785,0.896177555,0.919765098,0.942733313,0.959595107,0.973476757,0.98355151,0.989077388,0.99298745,0.996991309,0.998481874,0.99932929,0.999744295,0.999897274,0.999958732,0.999993165,0.9999989,0.999999622,0.999999943,0.999999996,0.999999999,1,1,1,1,1,1,1,,,,,,,,,,,,,,
82,0.758939047,0.798518044,0.835015454,0.862688426,0.901131964,0.92401517,0.946131699,0.96225714,0.975435126,0.984937812,0.990063218,0.993679459,0.997340018,0.998677206,0.999425548,0.999785387,0.999915539,0.999966659,0.999994706,0.999999183,0.999999724,0.99999996,0.999999997,0.999999999,1,1,1,1,1,1,1,,,,,,,,,,,,,,
83,0.765965286,0.805155045,0.84115869,0.868235341,0.905891706,0.928075584,0.949355932,0.964764763,0.977263946,0.986218108,0.990967284,0.994308176,0.997650833,0.998848788,0.999508653,0.999820149,0.999930675,0.999973113,0.999995908,0.999999395,0.999999799,0.999999972,0.999999998,1,1,1,1,1,1,1,1,,,,,,,,,,,,,,
84,0.77284346,0.811627409,0.847123683,0.873602064,0.910461908,0.931952475,0.952412953,0.967125283,0.978970482,0.987399449,0.991795624,0.994878831,0.997927546,0.998999311,0.999580299,0.999849508,0.999943197,0.999978357,0.999996845,0.999999553,0.999999854,0.999999981,0.999999999,1,1,1,1,1,1,1,1,,,,,,,,,,,,,,
85,0.779574337,0.817936775,0.852913097,0.878792133,0.914847715,0.935651928,0.955309567,0.969345786,0.980561702,0.988488519,0.992553904,0.995396284,0.998173612,0.999131189,0.999641977,0.999874265,0.999953537,0.99998261,0.999997573,0.99999967,0.999999894,0.999999987,0.999999999,1,1,1,1,1,1,1,1,,,,,,,,,,,,,,
86,0.786158792,0.824084886,0.858529689,0.883809141,0.919054277,0.939179972,0.958052433,0.971433139,0.98204428,0.98949164,0.993247433,0.995865041,0.998392169,0.999246583,0.999694998,0.999895107,0.999962059,0.999986053,0.999998137,0.999999758,0.999999924,0.999999991,1,1,1,1,1,1,1,1,1,,,,,,,,,,,,,,
87,0.792597802,0.830073581,0.863976296,0.888656729,0.923086743,0.94254257,0.960648061,0.973393979,0.983424597,0.990414785,0.993881182,0.996289277,0.99858607,0.999347423,0.999740512,0.999912625,0.999969071,0.999988834,0.999998573,0.999999823,0.999999945,0.999999994,1,1,1,1,1,1,1,1,1,,,,,,,,,,,,,,
88,0.79889244,0.835904792,0.869255832,0.893338578,0.926950243,0.945745604,0.963102802,0.975234721,0.98470875,0.991263591,0.994459795,0.996672855,0.998757897,0.999435433,0.999779526,0.999927326,0.999974829,0.999991077,0.99999891,0.99999987,0.999999961,0.999999996,1,1,1,1,1,1,1,1,1,,,,,,,,,,,,,,
89,0.80504387,0.841580533,0.874371276,0.897858398,0.930649885,0.948794874,0.965422845,0.97696155,0.985902553,0.992043367,0.994987608,0.997019342,0.998909989,0.999512147,0.999812921,0.999939643,0.999979551,0.999992882,0.999999169,0.999999905,0.999999972,0.999999997,1,1,1,1,1,1,1,1,1,,,,,,,,,,,,,,
90,0.811053343,0.847102899,0.879325665,0.902219925,0.934190745,0.951696084,0.967614212,0.978580426,0.987011546,0.99275911,0.995468665,0.997332029,0.99904446,0.999578931,0.999841467,0.999949947,0.999983414,0.999994333,0.999999368,0.999999931,0.99999998,0.999999998,1,1,1,1,1,1,1,1,1,,,,,,,,,,,,,,
91,0.816922192,0.852474053,0.884122088,0.906426909,0.937577853,0.954454838,0.969682756,0.980097082,0.988040999,0.993415514,0.995906729,0.997613948,0.999163215,0.999636997,0.999865833,0.999958554,0.99998657,0.999995495,0.99999952,0.99999995,0.999999986,0.999999999,1,1,1,1,1,1,1,1,1,,,,,,,,,,,,,,
92,0.822651824,0.857696226,0.888763677,0.91048311,0.940816192,0.957076635,0.971634155,0.981517026,0.988995921,0.994016985,0.996305299,0.997867889,0.999267974,0.99968742,0.999886602,0.999965731,0.999989144,0.999996426,0.999999636,0.999999964,0.99999999,0.999999999,1,1,1,1,1,1,1,1,1,,,,,,,,,,,,,,
93,0.828243719,0.862771706,0.893253601,0.914392289,0.943910689,0.959566861,0.973473915,0.982845547,0.989881066,0.994567652,0.996667628,0.998096415,0.999360283,0.999731151,0.999904281,0.999971706,0.999991239,0.999997169,0.999999725,0.999999974,0.999999993,0.999999999,1,1,1,1,1,1,1,1,1,,,,,,,,,,,,,,
94,0.833699426,0.867702839,0.897595059,0.918158203,0.946866205,0.961930783,0.975207364,0.984087712,0.990700942,0.99507138,0.99699673,0.998301881,0.999441529,0.999769032,0.999919309,0.999976674,0.999992942,0.999997762,0.999999793,0.999999981,0.999999995,1,1,1,1,1,1,1,1,1,1,,,,,,,,,,,,,,
95,0.839020555,0.872492015,0.901791276,0.921784602,0.949687534,0.964173549,0.976839655,0.985248375,0.991459817,0.995531784,0.997295401,0.998486443,0.999512959,0.999801804,0.999932065,0.999980798,0.999994323,0.999998234,0.999999844,0.999999987,0.999999996,1,1,1,1,1,1,1,1,1,1,,,,,,,,,,,,,,
96,0.844208773,0.877141671,0.905845491,0.925275214,0.952379393,0.966300182,0.978375763,0.986332178,0.992161729,0.995952236,0.997566226,0.998652076,0.999575689,0.999830121,0.999942878,0.999984216,0.999995441,0.999998609,0.999999883,0.99999999,0.999999997,1,1,1,1,1,1,1,1,1,1,,,,,,,,,,,,,,
97,0.849265803,0.88165428,0.909760958,0.928633753,0.95494642,0.968315576,0.979820489,0.987343555,0.992810493,0.996335883,0.997811596,0.998800585,0.999630719,0.99985456,0.999952032,0.999987044,0.999996345,0.999998906,0.999999912,0.999999993,0.999999998,1,1,1,1,1,1,1,1,1,1,,,,,,,,,,,,,,
98,0.854193418,0.886032347,0.913540937,0.931863901,0.957393168,0.970224497,0.981178457,0.988286737,0.99340971,0.996685657,0.998033718,0.998933621,0.99967894,0.999875625,0.999959771,0.999989381,0.999997075,0.999999141,0.999999935,0.999999995,0.999999999,1,1,1,1,1,1,1,1,1,1,,,,,,,,,,,,,,
99,0.858993435,0.890278408,0.917188686,0.934969314,0.959724103,0.972031576,0.982454118,0.989165759,0.993962775,0.997004286,0.998234629,0.999052687,0.999721148,0.99989376,0.999966304,0.999991309,0.999997663,0.999999327,0.999999951,0.999999997,0.999999999,1,1,1,1,1,1,1,1,1,1,,,,,,,,,,,,,,
100,0.863667713,0.894395019,0.920707465,0.937953609,0.961943598,0.973741313,0.983651754,0.989984463,0.994472887,0.997294303,0.998416204,0.999159155,0.999758054,0.999909354,0.999971813,0.999992897,0.999998136,0.999999473,0.999999964,0.999999998,0.999999999,1,1,1,1,1,1,1,1,1,1,,,,,,,,,,,,,,
101,0.868218149,0.898384759,0.92410052,0.940820368,0.964055932,0.975358073,0.984775476,0.990746505,0.994943053,0.997558062,0.998580169,0.999254273,0.999790287,0.999922747,0.99997645,0.999994203,0.999998515,0.999999589,0.999999973,0.999999998,1,1,1,1,1,1,1,1,1,1,1,,,,,,,,,,,,,,
102,0.872646676,0.902250219,0.927371086,0.943573129,0.966065285,0.976886084,0.985829228,0.991455356,0.995376102,0.997797745,0.998728112,0.999339174,0.99981841,0.999934235,0.99998035,0.999995276,0.999998819,0.999999679,0.99999998,0.999999999,1,1,1,1,1,1,1,1,1,1,1,,,,,,,,,,,,,,
103,0.876955254,0.905994002,0.930522382,0.946215383,0.967975738,0.978329442,0.98681679,0.992114316,0.995774688,0.998015373,0.998861489,0.99941489,0.99984292,0.999944078,0.999983625,0.999996156,0.999999063,0.99999975,0.999999985,0.999999999,1,1,1,1,1,1,1,1,1,1,1,,,,,,,,,,,,,,
104,0.881145872,0.909618717,0.933557604,0.948750572,0.969791271,0.979692106,0.987741786,0.992726513,0.996141304,0.998212815,0.998981636,0.999482353,0.999864258,0.999952501,0.999986371,0.999996876,0.999999257,0.999999806,0.999999989,0.999999999,1,1,1,1,1,1,1,1,1,1,1,,,,,,,,,,,,,,
105,0.885220543,0.913126977,0.936479924,0.951182089,0.97151576,0.980977902,0.988607677,0.993294911,0.996478282,0.998391799,0.99908978,0.999542411,0.999882815,0.999959701,0.99998867,0.999997465,0.999999412,0.99999985,0.999999992,1,1,1,1,1,1,1,1,1,1,1,1,,,,,,,,,,,,,,
106,0.889181298,0.916521394,0.939292486,0.953513268,0.973152977,0.982190524,0.989417776,0.993822316,0.996787808,0.998553921,0.999187041,0.999595829,0.999898936,0.999965847,0.999990594,0.999997946,0.999999536,0.999999884,0.999999994,1,1,1,1,1,1,1,1,1,1,1,1,,,,,,,,,,,,,,
107,0.893030187,0.919804576,0.941998401,0.955747391,0.974706591,0.98333353,0.990175244,0.994311382,0.997071926,0.998700653,0.999274444,0.999643301,0.999912926,0.999971089,0.999992201,0.999998338,0.999999634,0.99999991,0.999999996,1,1,1,1,1,1,1,1,1,1,1,1,,,,,,,,,,,,,,
108,0.896769274,0.922979125,0.944600746,0.957887676,0.976180163,0.984410352,0.990883097,0.994764618,0.997332546,0.998833348,0.999352925,0.99968545,0.999925054,0.999975553,0.999993541,0.999998657,0.999999712,0.999999931,0.999999997,1,1,1,1,1,1,1,1,1,1,1,1,,,,,,,,,,,,,,
109,0.900400632,0.926047632,0.947102561,0.959937286,0.977577149,0.985424291,0.99154421,0.995184392,0.99757145,0.998953256,0.999423341,0.999722843,0.999935556,0.999979351,0.999994658,0.999998916,0.999999773,0.999999946,0.999999998,1,1,1,1,1,1,1,1,1,1,1,1,,,,,,,,,,,,,,
110,0.903926346,0.929012675,0.949506847,0.961899316,0.9789009,0.986378522,0.992161321,0.995572936,0.997790302,0.999061522,0.999486469,0.999755986,0.999944642,0.999982578,0.999995587,0.999999127,0.999999822,0.999999959,0.999999998,1,1,1,1,1,1,1,1,1,1,1,1,,,,,,,,,,,,,,
111,0.907348503,0.931876817,0.95181656,0.963776803,0.980154662,0.987276094,0.992737034,0.995932357,0.997990651,0.999159201,0.999543019,0.999785339,0.999952493,0.999985317,0.999996359,0.999999297,0.99999986,0.999999968,0.999999999,1,1,1,1,1,1,1,1,1,1,1,1,,,,,,,,,,,,,,
112,0.910669194,0.934642603,0.954034614,0.965572713,0.981341576,0.988119937,0.993273827,0.996264635,0.99817394,0.999247258,0.999593637,0.999811311,0.999959271,0.999987638,0.999996999,0.999999435,0.999999891,0.999999976,0.999999999,1,1,1,1,1,1,1,1,1,1,1,1,,,,,,,,,,,,,,
113,0.913890511,0.937312557,0.956163875,0.967289951,0.982464679,0.988912857,0.993774051,0.996571637,0.99834151,0.999326579,0.999638911,0.999834272,0.999965116,0.999989605,0.99999753,0.999999547,0.999999915,0.999999981,0.999999999,1,1,1,1,1,1,1,1,1,1,1,1,,,,,,,,,,,,,,
114,0.917014545,0.939889178,0.958207163,0.968931354,0.983526905,0.989657546,0.994239939,0.996855114,0.99849461,0.999397975,0.999679372,0.999854555,0.999970152,0.999991268,0.99999797,0.999999637,0.999999933,0.999999986,1,1,1,1,1,1,1,1,1,1,1,1,1,,,,,,,,,,,,,,
115,0.920043381,0.942374944,0.960167245,0.97049969,0.984531087,0.990356582,0.994673608,0.997116713,0.998634396,0.999462188,0.999715504,0.999872457,0.999974485,0.999992673,0.999998333,0.999999709,0.999999948,0.999999989,1,1,1,1,1,1,1,1,1,1,1,1,1,,,,,,,,,,,,,,
116,0.922979097,0.944772304,0.962046841,0.971997661,0.985479956,0.991012429,0.995077064,0.997357979,0.998761944,0.999519897,0.999747746,0.999888244,0.999978211,0.999993858,0.999998633,0.999999768,0.99999996,0.999999992,1,1,1,1,1,1,1,1,1,1,1,1,1,,,,,,,,,,,,,,
117,0.925823767,0.947083677,0.963848614,0.9734279,0.986376147,0.991627444,0.995452206,0.99758036,0.998878249,0.999571719,0.999776494,0.999902153,0.99998141,0.999994858,0.999998881,0.999999815,0.999999969,0.999999994,1,1,1,1,1,1,1,1,1,1,1,1,1,,,,,,,,,,,,,,
118,0.92857945,0.949311453,0.965575178,0.974792973,0.987222194,0.992203879,0.99580083,0.997785214,0.998984233,0.99961822,0.999802107,0.999914399,0.999984156,0.999995699,0.999999084,0.999999852,0.999999976,0.999999995,1,1,1,1,1,1,1,1,1,1,1,1,1,,,,,,,,,,,,,,
119,0.931248195,0.951457991,0.96722909,0.976095375,0.988020537,0.992743882,0.996124634,0.997973811,0.99908075,0.999659915,0.99982491,0.999925171,0.999986508,0.999996407,0.999999252,0.999999882,0.999999981,0.999999996,1,1,1,1,1,1,1,1,1,1,1,1,1,,,,,,,,,,,,,,
120,0.933832037,0.953525614,0.968812852,0.977337537,0.988773524,0.993249503,0.996425222,0.998147339,0.999168589,0.999697271,0.999845196,0.999934638,0.999988523,0.999997001,0.999999389,0.999999907,0.999999985,0.999999997,1,1,1,1,1,1,1,1,1,1,1,1,1,,,,,,,,,,,,,,
121,0.936332996,0.955516613,0.970328912,0.978521817,0.989483408,0.993722694,0.996704109,0.998306909,0.999248479,0.999730715,0.999863228,0.999942952,0.999990246,0.9999975,0.999999502,0.999999926,0.999999989,0.999999998,1,1,1,1,1,1,1,1,1,1,1,1,1,,,,,,,,,,,,,,
122,0.938753073,0.957433241,0.971779659,0.97965051,0.990152354,0.994165316,0.99696272,0.998453559,0.999321092,0.999760633,0.999879245,0.999950248,0.999991718,0.999997918,0.999999595,0.999999941,0.999999991,0.999999998,1,1,1,1,1,1,1,1,1,1,1,1,1,,,,,,,,,,,,,,
123,0.941094254,0.959277715,0.973167429,0.980725841,0.990782439,0.994579138,0.997202403,0.998588256,0.999387051,0.999787377,0.999893462,0.999956644,0.999992975,0.999998268,0.999999671,0.999999953,0.999999993,0.999999999,1,1,1,1,1,1,1,1,1,1,1,1,1,,,,,,,,,,,,,,
124,0.943358502,0.961052214,0.974494498,0.98174997,0.991375653,0.994965845,0.997424423,0.998711903,0.999446926,0.999811266,0.999906071,0.999962247,0.999994047,0.999998561,0.999999732,0.999999963,0.999999995,0.999999999,1,1,1,1,1,1,1,1,1,1,1,1,1,,,,,,,,,,,,,,
125,0.94554776,0.962758878,0.975763087,0.98272499,0.991933905,0.995327034,0.997629973,0.998825342,0.999501244,0.999832589,0.999917246,0.999967151,0.99999496,0.999998805,0.999999783,0.999999971,0.999999996,0.999999999,1,1,1,1,1,1,1,1,1,1,1,1,1,,,,,,,,,,,,,,
126,0.947663949,0.964399807,0.976975358,0.98365293,0.992459021,0.995664224,0.997820173,0.998929355,0.999550491,0.999851606,0.999927142,0.99997144,0.999995737,0.999999009,0.999999824,0.999999977,0.999999997,1,1,1,1,1,1,1,1,1,1,1,1,1,1,,,,,,,,,,,,,,
127,0.949708966,0.965977063,0.97813342,0.984535754,0.992952748,0.995978856,0.997996076,0.999024671,0.99959511,0.999868556,0.9999359,0.999975188,0.999996398,0.999999179,0.999999858,0.999999982,0.999999998,1,1,1,1,1,1,1,1,1,1,1,1,1,1,,,,,,,,,,,,,,
128,0.951684685,0.967492664,0.979239321,0.985375362,0.993416757,0.996272297,0.998158672,0.999111968,0.999635513,0.99988365,0.999943644,0.999978461,0.999996959,0.999999321,0.999999885,0.999999986,0.999999998,1,1,1,1,1,1,1,1,1,1,1,1,1,1,,,,,,,,,,,,,,
129,0.953592953,0.968948591,0.980295055,0.986173593,0.993852645,0.996545842,0.998308888,0.999191874,0.999672074,0.999897083,0.999950487,0.999981316,0.999997435,0.999999439,0.999999907,0.999999989,0.999999999,1,1,1,1,1,1,1,1,1,1,1,1,1,1,,,,,,,,,,,,,,
130,0.955435592,0.970346779,0.981302559,0.986932222,0.994261935,0.996800715,0.998447594,0.999264975,0.999705139,0.999909028,0.99995653,0.999983805,0.999997839,0.999999536,0.999999925,0.999999991,0.999999999,1,1,1,1,1,1,1,1,1,1,1,1,1,1,,,,,,,,,,,,,,
131,0.957214397,0.971689124,0.982263716,0.987652967,0.994646083,0.997038077,0.998575605,0.999331812,0.999735022,0.999919643,0.999961861,0.999985974,0.99999818,0.999999618,0.99999994,0.999999993,0.999999999,1,1,1,1,1,1,1,1,1,1,1,1,1,1,,,,,,,,,,,,,,
132,0.958931135,0.97297748,0.983180352,0.988337484,0.995006476,0.997259025,0.998693684,0.999392887,0.999762015,0.999929068,0.999966561,0.999987861,0.99999847,0.999999685,0.999999951,0.999999995,0.999999999,1,1,1,1,1,1,1,1,1,1,1,1,1,1,,,,,,,,,,,,,,
133,0.960587545,0.974213658,0.984054239,0.988987372,0.995344434,0.997464596,0.998802546,0.999448666,0.99978638,0.999937431,0.999970703,0.999989502,0.999998714,0.999999741,0.999999961,0.999999996,1,1,1,1,1,1,1,1,1,1,1,1,1,1,1,,,,,,,,,,,,,,
134,0.962185336,0.975399427,0.984887095,0.989604172,0.995661218,0.997655769,0.998902857,0.999499579,0.999808361,0.999944846,0.999974349,0.999990928,0.99999892,0.999999787,0.999999969,0.999999997,1,1,1,1,1,1,1,1,1,1,1,1,1,1,1,,,,,,,,,,,,,,
135,0.96372619,0.976536514,0.985680586,0.99018937,0.995958026,0.997833466,0.998995242,0.999546025,0.999828178,0.999951415,0.999977557,0.999992166,0.999999095,0.999999825,0.999999975,0.999999997,1,1,1,1,1,1,1,1,1,1,1,1,1,1,1,,,,,,,,,,,,,,
136,0.965211758,0.977626603,0.986436324,0.990744398,0.996235997,0.997998561,0.999080284,0.999588373,0.999846034,0.999957232,0.999980377,0.999993241,0.999999241,0.999999856,0.99999998,0.999999998,1,1,1,1,1,1,1,1,1,1,1,1,1,1,1,,,,,,,,,,,,,,
137,0.96664366,0.978671338,0.98715587,0.991270634,0.996496216,0.998151874,0.999158526,0.999626963,0.999862113,0.999962377,0.999982854,0.999994172,0.999999365,0.999999882,0.999999984,0.999999998,1,1,1,1,1,1,1,1,1,1,1,1,1,1,1,,,,,,,,,,,,,,
138,0.968023488,0.97967232,0.987840734,0.991769404,0.99673971,0.998294179,0.999230474,0.999662108,0.999876583,0.999966927,0.999985029,0.999994979,0.999999469,0.999999903,0.999999987,0.999999999,1,1,1,1,1,1,1,1,1,1,1,1,1,1,1,,,,,,,,,,,,,,
139,0.9693528,0.980631107,0.988492376,0.992241983,0.996967459,0.998426205,0.999296602,0.999694099,0.999889597,0.999970946,0.999986937,0.999995677,0.999999556,0.999999921,0.99999999,0.999999999,1,1,1,1,1,1,1,1,1,1,1,1,1,1,1,,,,,,,,,,,,,,
140,0.970633126,0.981549219,0.989112207,0.992689597,0.997180389,0.998548635,0.999357349,0.999723203,0.999901295,0.999974494,0.999988609,0.999996281,0.999999629,0.999999935,0.999999992,0.999999999,1,1,1,1,1,1,1,1,1,1,1,1,1,1,1,,,,,,,,,,,,,,
141,0.971865964,0.982428132,0.98970159,0.993113425,0.997379381,0.998662116,0.999413126,0.999749666,0.999911803,0.999977624,0.999990074,0.999996803,0.999999691,0.999999947,0.999999994,0.999999999,1,1,1,1,1,1,1,1,1,1,1,1,1,1,1,,,,,,,,,,,,,,
142,0.97305278,0.983269284,0.99026184,0.993514597,0.997565267,0.998767251,0.999464312,0.999773714,0.999921237,0.999980383,0.999991357,0.999997254,0.999999742,0.999999957,0.999999995,1,1,1,1,1,1,1,1,1,1,1,1,1,1,1,1,,,,,,,,,,,,,,
143,0.97419501,0.984074071,0.990794228,0.9938942,0.997738839,0.99886461,0.999511262,0.999795556,0.999929701,0.999982814,0.999992478,0.999997643,0.999999786,0.999999965,0.999999996,1,1,1,1,1,1,1,1,1,1,1,1,1,1,1,1,,,,,,,,,,,,,,
144,0.975294057,0.98484385,0.991299976,0.994253275,0.997900842,0.998954726,0.999554305,0.999815383,0.999937291,0.999984953,0.999993459,0.999997978,0.999999822,0.999999972,0.999999997,1,1,1,1,1,1,1,1,1,1,1,1,1,1,1,1,,,,,,,,,,,,,,
145,0.976351295,0.985579938,0.991780266,0.99459282,0.998051986,0.999038099,0.999593746,0.999833372,0.999944093,0.999986835,0.999994316,0.999998267,0.999999852,0.999999977,0.999999997,1,1,1,1,1,1,1,1,1,1,1,1,1,1,1,1,,,,,,,,,,,,,,
146,0.977368066,0.986283616,0.992236234,0.994913794,0.998192938,0.999115198,0.999629869,0.999849684,0.999950185,0.99998849,0.999995063,0.999998516,0.999999877,0.999999981,0.999999998,1,1,1,1,1,1,1,1,1,1,1,1,1,1,1,1,,,,,,,,,,,,,,
147,0.978345679,0.986956124,0.992668975,0.995217113,0.998324332,0.999186462,0.999662936,0.999864467,0.999955637,0.999989943,0.999995715,0.99999873,0.999999898,0.999999985,0.999999998,1,1,1,1,1,1,1,1,1,1,1,1,1,1,1,1,,,,,,,,,,,,,,
148,0.979285416,0.987598665,0.993079542,0.995503656,0.998446765,0.999252303,0.999693191,0.999877858,0.999960515,0.999991219,0.999996284,0.999998914,0.999999915,0.999999988,0.999999999,1,1,1,1,1,1,1,1,1,1,1,1,1,1,1,1,,,,,,,,,,,,,,
149,0.980188525,0.988212407,0.993468951,0.995774262,0.998560799,0.999313107,0.999720859,0.999889981,0.999964877,0.999992338,0.999996779,0.999999072,0.99999993,0.99999999,0.999999999,1,1,1,1,1,1,1,1,1,1,1,1,1,1,1,1,,,,,,,,,,,,,,
150,0.981056224,0.98879848,0.993838174,0.996029735,0.998666968,0.999369231,0.999746149,0.999900951,0.999968773,0.999993319,0.99999721,0.999999207,0.999999942,0.999999992,0.999999999,1,1,1,1,1,1,1,1,1,1,1,1,1,1,1,1,,,,,,,,,,,,,,
151,0.981889701,0.989357979,0.994188151,0.996270845,0.998765774,0.999421014,0.999769254,0.999910871,0.999972253,0.999994178,0.999997585,0.999999324,0.999999952,0.999999993,0.999999999,1,1,1,1,1,1,1,1,1,1,1,1,1,1,1,1,,,,,,,,,,,,,,
152,0.982690116,0.989891962,0.99451978,0.996498326,0.998857688,0.99946877,0.999790353,0.999919838,0.999975359,0.99999493,0.999997911,0.999999423,0.99999996,0.999999995,1,1,1,1,1,1,1,1,1,1,1,1,1,1,1,1,1,,,,,,,,,,,,,,
153,0.983458595,0.990401457,0.994833925,0.99671288,0.998943157,0.999512791,0.999809609,0.999927939,0.999978129,0.999995588,0.999998194,0.999999508,0.999999967,0.999999996,1,1,1,1,1,1,1,1,1,1,1,1,1,1,1,1,1,,,,,,,,,,,,,,
154,0.984196237,0.990887453,0.995131418,0.996915177,0.9990226,0.999553351,0.999827176,0.999935253,0.999980598,0.999996163,0.99999844,0.999999581,0.999999973,0.999999997,1,1,1,1,1,1,1,1,1,1,1,1,1,1,1,1,1,,,,,,,,,,,,,,
155,0.984904113,0.991350911,0.995413053,0.997105857,0.999096412,0.999590706,0.999843194,0.999941854,0.999982798,0.999996665,0.999998653,0.999999644,0.999999978,0.999999997,1,1,1,1,1,1,1,1,1,1,1,1,1,1,1,1,1,,,,,,,,,,,,,,
156,0.985583262,0.991792757,0.995679593,0.99728553,0.999164964,0.999625093,0.999857792,0.999947808,0.999984757,0.999997104,0.999998838,0.999999697,0.999999982,0.999999998,1,1,1,1,1,1,1,1,1,1,1,1,1,1,1,1,1,,,,,,,,,,,,,,
157,0.986234698,0.992213886,0.995931772,0.997454778,0.999228604,0.999656735,0.999871089,0.999953175,0.9999865,0.999997486,0.999998998,0.999999743,0.999999985,0.999999998,1,1,1,1,1,1,1,1,1,1,1,1,1,1,1,1,1,,,,,,,,,,,,,,
158,0.986859405,0.992615162,0.996170288,0.997614155,0.999287662,0.999685837,0.999883197,0.999958011,0.999988051,0.999997819,0.999999137,0.999999782,0.999999988,0.999999999,1,1,1,1,1,1,1,1,1,1,1,1,1,1,1,1,1,,,,,,,,,,,,,,
159,0.987458339,0.99299742,0.996395815,0.997764191,0.999342444,0.999712591,0.999894215,0.999962366,0.999989429,0.99999811,0.999999257,0.999999815,0.99999999,0.999999999,1,1,1,1,1,1,1,1,1,1,1,1,1,1,1,1,1,,,,,,,,,,,,,,
160,0.988032429,0.993361464,0.996608993,0.997905388,0.99939324,0.999737176,0.999904237,0.999966286,0.999990653,0.999998363,0.999999361,0.999999843,0.999999992,0.999999999,1,1,1,1,1,1,1,1,1,1,1,1,1,1,1,1,1,,,,,,,,,,,,,,
161,0.988582579,0.99370807,0.996810439,0.998038226,0.999440321,0.999759757,0.999913349,0.999969813,0.99999174,0.999998583,0.99999945,0.999999867,0.999999993,0.999999999,1,1,1,1,1,1,1,1,1,1,1,1,1,1,1,1,1,,,,,,,,,,,,,,
162,0.989109665,0.994037987,0.997000741,0.998163161,0.99948394,0.999780489,0.999921629,0.999972984,0.999992704,0.999998774,0.999999527,0.999999887,0.999999994,0.999999999,1,1,1,1,1,1,1,1,1,1,1,1,1,1,1,1,1,,,,,,,,,,,,,,
163,0.989614536,0.994351935,0.99718046,0.998280627,0.999524337,0.999799515,0.99992915,0.999975833,0.99999356,0.99999894,0.999999594,0.999999905,0.999999995,1,1,1,1,1,1,1,1,1,1,1,1,1,1,1,1,1,1,,,,,,,,,,,,,,
164,0.990098018,0.99465061,0.997350135,0.998391036,0.999561735,0.999816967,0.999935978,0.999978393,0.999994318,0.999999084,0.999999652,0.999999919,0.999999996,1,1,1,1,1,1,1,1,1,1,1,1,1,1,1,1,1,1,,,,,,,,,,,,,,
165,0.990560911,0.99493468,0.997510278,0.998494779,0.999596342,0.999832969,0.999942174,0.999980691,0.99999499,0.999999209,0.999999701,0.999999932,0.999999997,1,1,1,1,1,1,1,1,1,1,1,1,1,1,1,1,1,1,,,,,,,,,,,,,,
166,0.99100399,0.995204788,0.99766138,0.99859223,0.999628353,0.999847634,0.999947793,0.999982753,0.999995584,0.999999318,0.999999744,0.999999942,0.999999998,1,1,1,1,1,1,1,1,1,1,1,1,1,1,1,1,1,1,,,,,,,,,,,,,,
167,0.991428007,0.995461555,0.997803909,0.998683742,0.999657953,0.999861069,0.999952888,0.999984602,0.99999611,0.999999412,0.999999781,0.999999951,0.999999998,1,1,1,1,1,1,1,1,1,1,1,1,1,1,1,1,1,1,,,,,,,,,,,,,,
168,0.991833689,0.995705576,0.997938311,0.998769651,0.999685311,0.999873371,0.999957504,0.99998626,0.999996576,0.999999493,0.999999812,0.999999959,0.999999998,1,1,1,1,1,1,1,1,1,1,1,1,1,1,1,1,1,1,,,,,,,,,,,,,,
169,0.992221741,0.995937424,0.998065012,0.998850274,0.999710588,0.999884631,0.999961686,0.999987745,0.999996987,0.999999563,0.999999839,0.999999966,0.999999999,1,1,1,1,1,1,1,1,1,1,1,1,1,1,1,1,1,1,,,,,,,,,,,,,,
170,0.992592845,0.996157648,0.998184418,0.998925915,0.999733932,0.999894932,0.999965471,0.999989075,0.99999735,0.999999624,0.999999863,0.999999971,0.999999999,1,1,1,1,1,1,1,1,1,1,1,1,1,1,1,1,1,1,,,,,,,,,,,,,,
171,0.992947662,0.996366779,0.998296915,0.998996859,0.999755483,0.999904353,0.999968896,0.999990265,0.999997671,0.999999677,0.999999883,0.999999976,0.999999999,1,1,1,1,1,1,1,1,1,1,1,1,1,1,1,1,1,1,,,,,,,,,,,,,,
172,0.993286829,0.996565324,0.998402872,0.999063379,0.999775371,0.999912965,0.999971994,0.99999133,0.999997954,0.999999722,0.9999999,0.999999979,0.999999999,1,1,1,1,1,1,1,1,1,1,1,1,1,1,1,1,1,1,,,,,,,,,,,,,,
173,0.993610965,0.996753771,0.998502641,0.99912573,0.999793716,0.999920833,0.999974794,0.999992282,0.999998203,0.999999761,0.999999914,0.999999983,0.999999999,1,1,1,1,1,1,1,1,1,1,1,1,1,1,1,1,1,1,,,,,,,,,,,,,,
174,0.993920667,0.996932587,0.998596554,0.999184158,0.999810633,0.999928019,0.999977324,0.999993133,0.999998423,0.999999795,0.999999927,0.999999986,1,1,1,1,1,1,1,1,1,1,1,1,1,1,1,1,1,1,1,,,,,,,,,,,,,,
175,0.994216511,0.997102222,0.998684931,0.999238891,0.999826226,0.99993458,0.99997961,0.999993893,0.999998617,0.999999824,0.999999938,0.999999988,1,1,1,1,1,1,1,1,1,1,1,1,1,1,1,1,1,1,1,,,,,,,,,,,,,,
176,0.994499054,0.997263106,0.998768072,0.999290149,0.999840593,0.999940566,0.999981673,0.999994571,0.999998788,0.999999849,0.999999947,0.99999999,1,1,1,1,1,1,1,1,1,1,1,1,1,1,1,1,1,1,1,,,,,,,,,,,,,,
177,0.994768836,0.997415653,0.998846265,0.999338138,0.999853825,0.999946027,0.999983535,0.999995176,0.999998938,0.999999871,0.999999955,0.999999991,1,1,1,1,1,1,1,1,1,1,1,1,1,1,1,1,1,1,1,,,,,,,,,,,,,,
178,0.995026374,0.997560257,0.998919784,0.999383053,0.999866008,0.999951006,0.999985214,0.999995716,0.99999907,0.999999889,0.999999962,0.999999993,1,1,1,1,1,1,1,1,1,1,1,1,1,1,1,1,1,1,1,,,,,,,,,,,,,,
179,0.99527217,0.997697298,0.998988887,0.999425078,0.99987722,0.999955543,0.999986727,0.999996198,0.999999186,0.999999905,0.999999967,0.999999994,1,1,1,1,1,1,1,1,1,1,1,1,1,1,1,1,1,1,1,,,,,,,,,,,,,,
180,0.995506709,0.997827138,0.999053822,0.999464388,0.999887534,0.999959676,0.999988091,0.999996627,0.999999288,0.999999919,0.999999972,0.999999995,1,1,1,1,1,1,1,1,1,1,1,1,1,1,1,1,1,1,1,,,,,,,,,,,,,,
181,0.995730457,0.997950125,0.999114822,0.999501146,0.999897019,0.99996344,0.99998932,0.999997008,0.999999377,0.999999931,0.999999976,0.999999996,1,1,1,1,1,1,1,1,1,1,1,1,1,1,1,1,1,1,1,,,,,,,,,,,,,,
182,0.995943863,0.998066593,0.999172109,0.999535509,0.999905739,0.999966866,0.999990426,0.999997348,0.999999456,0.999999941,0.99999998,0.999999997,1,1,1,1,1,1,1,1,1,1,1,1,1,1,1,1,1,1,1,,,,,,,,,,,,,,
183,0.996147361,0.998176858,0.999225894,0.999567624,0.999913751,0.999969982,0.999991421,0.999997651,0.999999525,0.99999995,0.999999983,0.999999997,1,1,1,1,1,1,1,1,1,1,1,1,1,1,1,1,1,1,1,,,,,,,,,,,,,,
184,0.996341369,0.998281225,0.999276375,0.999597627,0.99992111,0.999972817,0.999992316,0.99999792,0.999999585,0.999999957,0.999999986,0.999999998,1,1,1,1,1,1,1,1,1,1,1,1,1,1,1,1,1,1,1,,,,,,,,,,,,,,
185,0.996526289,0.998379986,0.999323744,0.999625651,0.999927868,0.999975394,0.99999312,0.999998159,0.999999638,0.999999963,0.999999988,0.999999998,1,1,1,1,1,1,1,1,1,1,1,1,1,1,1,1,1,1,1,,,,,,,,,,,,,,
186,0.996702509,0.998473417,0.999368178,0.999651818,0.99993407,0.999977735,0.999993843,0.999998371,0.999999684,0.999999969,0.99999999,0.999999998,1,1,1,1,1,1,1,1,1,1,1,1,1,1,1,1,1,1,1,,,,,,,,,,,,,,
187,0.996870402,0.998561786,0.999409848,0.999676244,0.999939761,0.999979861,0.999994493,0.999998559,0.999999725,0.999999973,0.999999991,0.999999999,1,1,1,1,1,1,1,1,1,1,1,1,1,1,1,1,1,1,1,,,,,,,,,,,,,,
188,0.997030327,0.998645345,0.999448915,0.999699037,0.99994498,0.999981792,0.999995076,0.999998727,0.99999976,0.999999977,0.999999993,0.999999999,1,1,1,1,1,1,1,1,1,1,1,1,1,1,1,1,1,1,1,,,,,,,,,,,,,,
189,0.997182629,0.998724337,0.999485531,0.999720302,0.999949765,0.999983544,0.999995599,0.999998875,0.999999791,0.999999981,0.999999994,0.999999999,1,1,1,1,1,1,1,1,1,1,1,1,1,1,1,1,1,1,1,,,,,,,,,,,,,,
190,0.99732764,0.998798994,0.99951984,0.999740135,0.99995415,0.999985134,0.999996069,0.999999007,0.999999818,0.999999984,0.999999995,0.999999999,1,1,1,1,1,1,1,1,1,1,1,1,1,1,1,1,1,1,1,,,,,,,,,,,,,,
191,0.997465681,0.998869536,0.999551978,0.999758626,0.999958168,0.999986575,0.999996489,0.999999123,0.999999842,0.999999986,0.999999996,0.999999999,1,1,1,1,1,1,1,1,1,1,1,1,1,1,1,1,1,1,1,,,,,,,,,,,,,,
192,0.997597057,0.998936173,0.999582074,0.999775862,0.999961847,0.999987881,0.999996867,0.999999226,0.999999863,0.999999988,0.999999996,0.999999999,1,1,1,1,1,1,1,1,1,1,1,1,1,1,1,1,1,1,1,,,,,,,,,,,,,,
193,0.997722064,0.998999107,0.999610251,0.999791923,0.999965214,0.999989065,0.999997204,0.999999318,0.999999881,0.99999999,0.999999997,1,1,1,1,1,1,1,1,1,1,1,1,1,1,1,1,1,1,1,1,,,,,,,,,,,,,,
194,0.997840986,0.999058528,0.999636622,0.999806885,0.999968296,0.999990136,0.999997507,0.999999399,0.999999896,0.999999992,0.999999997,1,1,1,1,1,1,1,1,1,1,1,1,1,1,1,1,1,1,1,1,,,,,,,,,,,,,,
195,0.997954095,0.999114619,0.999661297,0.999820819,0.999971115,0.999991107,0.999997777,0.99999947,0.99999991,0.999999993,0.999999998,1,1,1,1,1,1,1,1,1,1,1,1,1,1,1,1,1,1,1,1,,,,,,,,,,,,,,
196,0.998061652,0.999167555,0.999684379,0.999833793,0.999973693,0.999991985,0.99999802,0.999999534,0.999999922,0.999999994,0.999999998,1,1,1,1,1,1,1,1,1,1,1,1,1,1,1,1,1,1,1,1,,,,,,,,,,,,,,
197,0.998163908,0.9992175,0.999705964,0.999845868,0.999976049,0.999992779,0.999998236,0.999999589,0.999999932,0.999999995,0.999999998,1,1,1,1,1,1,1,1,1,1,1,1,1,1,1,1,1,1,1,1,,,,,,,,,,,,,,
198,0.998261104,0.999264612,0.999726144,0.999857104,0.999978202,0.999993497,0.99999843,0.999999639,0.999999941,0.999999996,0.999999999,1,1,1,1,1,1,1,1,1,1,1,1,1,1,1,1,1,1,1,1,,,,,,,,,,,,,,
199,0.998353471,0.999309041,0.999745005,0.999867556,0.999980168,0.999994146,0.999998603,0.999999682,0.999999949,0.999999996,0.999999999,1,1,1,1,1,1,1,1,1,1,1,1,1,1,1,1,1,1,1,1,,,,,,,,,,,,,,
200,0.998441231,0.999350929,0.999762628,0.999877277,0.999981963,0.999994732,0.999998757,0.999999721,0.999999956,0.999999997,0.999999999,1,1,1,1,1,1,1,1,1,1,1,1,1,1,1,1,1,1,1,1,,,,,,,,,,,,,,
201,0.998524595,0.999390414,0.99977909,0.999886314,0.999983602,0.999995261,0.999998895,0.999999755,0.999999962,0.999999997,0.999999999,1,1,1,1,1,1,1,1,1,1,1,1,1,1,1,1,1,1,1,1,,,,,,,,,,,,,,
202,0.998603768,0.999427623,0.999794464,0.999894714,0.999985097,0.999995739,0.999999018,0.999999785,0.999999967,0.999999998,0.999999999,1,1,1,1,1,1,1,1,1,1,1,1,1,1,1,1,1,1,1,1,,,,,,,,,,,,,,
203,0.998678944,0.999462679,0.999808817,0.999902518,0.99998646,0.99999617,0.999999127,0.999999811,0.999999972,0.999999998,0.999999999,1,1,1,1,1,1,1,1,1,1,1,1,1,1,1,1,1,1,1,1,,,,,,,,,,,,,,
204,0.998750311,0.9994957,0.999822213,0.999909769,0.999987703,0.999996559,0.999999225,0.999999834,0.999999975,0.999999998,1,1,1,1,1,1,1,1,1,1,1,1,1,1,1,1,1,1,1,1,1,,,,,,,,,,,,,,
205,0.998818047,0.999526795,0.999834713,0.999916502,0.999988836,0.99999691,0.999999312,0.999999855,0.999999979,0.999999999,1,1,1,1,1,1,1,1,1,1,1,1,1,1,1,1,1,1,1,1,1,,,,,,,,,,,,,,
206,0.998882325,0.999556071,0.999846373,0.999922752,0.999989868,0.999997226,0.99999939,0.999999873,0.999999982,0.999999999,1,1,1,1,1,1,1,1,1,1,1,1,1,1,1,1,1,1,1,1,1,,,,,,,,,,,,,,
207,0.998943307,0.999583627,0.999857248,0.999928554,0.999990808,0.99999751,0.999999459,0.999999888,0.999999984,0.999999999,1,1,1,1,1,1,1,1,1,1,1,1,1,1,1,1,1,1,1,1,1,,,,,,,,,,,,,,
208,0.999001151,0.999609558,0.999867386,0.999933938,0.999991663,0.999997767,0.99999952,0.999999902,0.999999986,0.999999999,1,1,1,1,1,1,1,1,1,1,1,1,1,1,1,1,1,1,1,1,1,,,,,,,,,,,,,,
209,0.999056007,0.999633955,0.999876836,0.999938931,0.999992442,0.999997997,0.999999575,0.999999914,0.999999988,0.999999999,1,1,1,1,1,1,1,1,1,1,1,1,1,1,1,1,1,1,1,1,1,,,,,,,,,,,,,,
210,0.999108019,0.999656902,0.999885642,0.999943563,0.99999315,0.999998205,0.999999623,0.999999925,0.99999999,0.999999999,1,1,1,1,1,1,1,1,1,1,1,1,1,1,1,1,1,1,1,1,1,,,,,,,,,,,,,,
211,0.999157325,0.99967848,0.999893845,0.999947856,0.999993794,0.999998391,0.999999666,0.999999934,0.999999991,1,1,1,1,1,1,1,1,1,1,1,1,1,1,1,1,1,1,1,1,1,1,,,,,,,,,,,,,,
212,0.999204054,0.999698768,0.999901485,0.999951836,0.999994379,0.999998559,0.999999705,0.999999943,0.999999992,1,1,1,1,1,1,1,1,1,1,1,1,1,1,1,1,1,1,1,1,1,1,,,,,,,,,,,,,,
213,0.999248334,0.999717836,0.999908598,0.999955523,0.999994911,0.99999871,0.999999739,0.99999995,0.999999994,1,1,1,1,1,1,1,1,1,1,1,1,1,1,1,1,1,1,1,1,1,1,,,,,,,,,,,,,,
214,0.999290284,0.999735755,0.999915219,0.999958939,0.999995395,0.999998846,0.999999769,0.999999956,0.999999994,1,1,1,1,1,1,1,1,1,1,1,1,1,1,1,1,1,1,1,1,1,1,,,,,,,,,,,,,,
215,0.999330018,0.99975259,0.999921381,0.999962102,0.999995833,0.999998967,0.999999796,0.999999962,0.999999995,1,1,1,1,1,1,1,1,1,1,1,1,1,1,1,1,1,1,1,1,1,1,,,,,,,,,,,,,,
216,0.999367646,0.999768403,0.999927113,0.999965031,0.999996232,0.999999076,0.99999982,0.999999967,0.999999996,1,1,1,1,1,1,1,1,1,1,1,1,1,1,1,1,1,1,1,1,1,1,,,,,,,,,,,,,,
217,0.999403273,0.999783251,0.999932444,0.999967742,0.999996593,0.999999174,0.999999841,0.999999971,0.999999996,1,1,1,1,1,1,1,1,1,1,1,1,1,1,1,1,1,1,1,1,1,1,,,,,,,,,,,,,,
218,0.999436997,0.999797192,0.999937401,0.99997025,0.999996921,0.999999262,0.999999859,0.999999975,0.999999997,1,1,1,1,1,1,1,1,1,1,1,1,1,1,1,1,1,1,1,1,1,1,,,,,,,,,,,,,,
219,0.999468915,0.999810277,0.999942009,0.99997257,0.999997218,0.999999341,0.999999876,0.999999978,0.999999997,1,1,1,1,1,1,1,1,1,1,1,1,1,1,1,1,1,1,1,1,1,1,,,,,,,,,,,,,,
220,0.999499116,0.999822556,0.999946291,0.999974716,0.999997487,0.999999411,0.999999891,0.999999981,0.999999998,1,1,1,1,1,1,1,1,1,1,1,1,1,1,1,1,1,1,1,1,1,1,,,,,,,,,,,,,,
221,0.999527688,0.999834076,0.999950269,0.9999767,0.999997731,0.999999475,0.999999903,0.999999983,0.999999998,1,1,1,1,1,1,1,1,1,1,1,1,1,1,1,1,1,1,1,1,1,1,,,,,,,,,,,,,,
222,0.999554712,0.999844882,0.999953965,0.999978534,0.999997953,0.999999531,0.999999915,0.999999985,0.999999998,1,1,1,1,1,1,1,1,1,1,1,1,1,1,1,1,1,1,1,1,1,1,,,,,,,,,,,,,,