Design Life =~ ,80 years,,,,,,,,,,,,,,,,,,,,,,,,,,,,,,
Design Temperature < ,20 deg C water temp,,,,,,,,,,,,,,,,,,,,,,,,,,,,,,
,,,,,,,,,,,,,,,,,,,,,,,,,,,,,,,
,,,,,,,,,,,,,,,,,,,,,,,,,,,,,,,
,,,,,,,,,,,,,,,,,,,,,,,,,,,,,,,
,,,,,,,,,,,,,,,,,,,,,,,,,,,,,,,
,,,,,,,,,,,,,,,,,,,,,,,,,,,,,,,
Time/Age [years],20 deg,21 deg,22 deg,23 deg,24 deg,25 deg,26 deg,27 deg,28 deg,29 deg,30 deg,31 deg,32 deg,33 deg,34 deg,35 deg,36 deg,37 deg,38 deg,39 deg,40 deg,41 deg,42 deg,43 deg,44 deg,45 deg,46 deg,47 deg,48 deg,49 deg,50 deg
0,0,0,0,0,0,0,0,0,0,0,0,0,0,0,0,0,0,0,0,0,0,0,0,0,0,0,0,0,0,0,0
1,0.000403154,0.00041009,0.000422891,0.000441868,0.000437856,0.000441292,0.000454879,0.000465596,0.000469489,0.000486168,0.000499418,0.000493118,0.000490727,0.00050346,0.000528805,0.000540959,0.000532371,0.000543268,0.000565122,0.000567267,0.000576572,0.000595553,0.000597763,0.000616831,0.000629826,0.00064182,0.000666132,0.000713205,0.000701107,0.000714616,0.000737334
2,0.001605348,0.001633475,0.00168037,0.00174818,0.001739844,0.001754983,0.001806126,0.001845729,0.001863871,0.001925147,0.001974617,0.001958974,0.001956474,0.002005694,0.002096228,0.002141926,0.002120063,0.002163045,0.002241334,0.002256402,0.002294987,0.002364501,0.002381102,0.002451581,0.002503209,0.002551076,0.002640865,0.002805991,0.002774211,0.002829932,0.002913988
3,0.003600165,0.003663869,0.003763646,0.003905494,0.003896754,0.003932596,0.004043318,0.00412806,0.004172192,0.004302755,0.004409332,0.004386563,0.0043902,0.004498479,0.004687724,0.004786619,0.004753689,0.00484944,0.005013412,0.005055664,0.005144108,0.005291873,0.005339232,0.005489988,0.005605419,0.005712822,0.005904737,0.0062456,0.006195626,0.006322793,0.00650269
4,0.006380974,0.00649459,0.006664563,0.006902996,0.006899948,0.006965802,0.007156897,0.007301875,0.007384356,0.007606968,0.007790239,0.007765286,0.007783338,0.007972395,0.008290186,0.008460821,0.008422608,0.008591317,0.00886708,0.008952435,0.00911139,0.009362769,0.009459249,0.009716953,0.009920789,0.010111002,0.010438819,0.011005345,0.010943382,0.011171008,0.011478588
5,0.009939862,0.01011757,0.010373879,0.010729402,0.01073959,0.010844884,0.011136105,0.011355468,0.011488961,0.011824826,0.012103285,0.012082912,0.012124975,0.01241572,0.012889005,0.01314896,0.013113641,0.013374924,0.013786102,0.013931432,0.014181345,0.014559752,0.014724862,0.015114312,0.015430436,0.015726163,0.016221201,0.017057217,0.016992651,0.017349105,0.017813882
6,0.014267402,0.014523134,0.014880879,0.015372239,0.015404244,0.01555841,0.01596852,0.016275552,0.01647282,0.016941738,0.017332844,0.017325133,0.017401704,0.017814212,0.018467417,0.018833335,0.01881082,0.01918362,0.019751644,0.019974334,0.020335239,0.020862291,0.02111616,0.021660377,0.022111796,0.022535006,0.023226249,0.024370249,0.024314769,0.024827438,0.025476686
7,0.019352573,0.019699936,0.020173233,0.02081758,0.020880737,0.021093113,0.021639889,0.022047037,0.022320791,0.022941223,0.023461413,0.023475417,0.0235976,0.024151055,0.025006278,0.025493857,0.025495327,0.025997812,0.026742074,0.027059701,0.027551031,0.028246605,0.028609589,0.029329839,0.029938525,0.030510286,0.031424397,0.03290996,0.032876947,0.033571953,0.034430687
8,0.025182749,0.02563495,0.026236957,0.027049932,0.027154118,0.027433867,0.02813408,0.028652962,0.029015731,0.029804823,0.030469494,0.030514975,0.030694255,0.031406886,0.032484006,0.033107963,0.033145527,0.033794985,0.034732914,0.035162989,0.03580342,0.03668566,0.037178022,0.038093791,0.038880531,0.039620856,0.040782148,0.042638189,0.042642241,0.043544189,0.044635117
9,0.031743709,0.032313489,0.033056414,0.034052204,0.034207667,0.034563705,0.035433091,0.036074484,0.036538504,0.037512087,0.038335568,0.03842279,0.038670841,0.03955985,0.040876593,0.041650625,0.041737034,0.042549778,0.043696887,0.044256629,0.045063932,0.046149239,0.046790877,0.047919836,0.048904089,0.049831787,0.051262172,0.053513119,0.053569656,0.054701407,0.056044869
10,0.039019676,0.03971924,0.04061434,0.041805716,0.042022924,0.04246386,0.043517078,0.044290909,0.044868025,0.046040605,0.047036126,0.047175668,0.047504193,0.048585686,0.050157667,0.051094406,0.051242813,0.052234088,0.053603999,0.054310142,0.05530105,0.056604058,0.057414269,0.058772234,0.059971994,0.06110454,0.062823472,0.065489401,0.065614321,0.066996802,0.068610702
11,0.046993357,0.047834322,0.04889189,0.05029023,0.050579742,0.051113819,0.052364418,0.053279748,0.053981324,0.055366063,0.056545721,0.056748327,0.057168914,0.05845783,0.06029858,0.061409552,0.061633299,0.0628172,0.064421665,0.065290279,0.066480371,0.068013927,0.069011185,0.07061208,0.07204376,0.073397168,0.075421593,0.078518349,0.078727722,0.080379752,0.08227951
12,0.055646007,0.056639337,0.057868698,0.059484006,0.059856357,0.060491401,0.061951778,0.063016787,0.063853625,0.065462328,0.066837055,0.067113489,0.067637479,0.06914753,0.071268528,0.07256411,0.072876538,0.074265928,0.076114844,0.077161187,0.078564778,0.080339921,0.08154169,0.083397517,0.085075835,0.086664553,0.089008866,0.092548182,0.092857973,0.094796125,0.096994628
13,0.064957485,0.066113446,0.067522946,0.069363868,0.06982946,0.07057283,0.072254202,0.073476171,0.07445844,0.076301539,0.077881073,0.078241993,0.078880368,0.080623978,0.083034672,0.084524058,0.084938338,0.086544783,0.088646211,0.089884584,0.091514631,0.09354058,0.094963144,0.097083956,0.099021847,0.100858656,0.103534678,0.107524296,0.107950114,0.110188601,0.112696183
14,0.07490633,0.07623444,0.077831437,0.079905276,0.080474286,0.081332833,0.083245202,0.084630507,0.085767677,0.087854212,0.089647076,0.090102919,0.090866195,0.092854447,0.095562285,0.097253458,0.097782432,0.099616141,0.10197633,0.103419953,0.105287979,0.107572126,0.109230432,0.111624326,0.11383286,0.115928799,0.118945757,0.12338957,0.123946438,0.126497021,0.129321451
15,0.085469835,0.086978824,0.08876968,0.091082414,0.091764704,0.092744733,0.094896861,0.096450962,0.097751744,0.100089363,0.102102842,0.10266372,0.103561851,0.105804444,0.10881491,0.110714614,0.111370655,0.113440434,0.116063848,0.11772475,0.119840772,0.122388685,0.124296215,0.12696933,0.129457651,0.131821948,0.13518648,0.14008468,0.140786829,0.143658761,0.146805255
16,0.09662413,0.0983219,0.10031198,0.102868282,0.103673315,0.104780553,0.107179944,0.10890738,0.110379678,0.112974624,0.115214755,0.115890358,0.116932652,0.119437865,0.122754514,0.124868241,0.125663125,0.127976336,0.130865688,0.132754615,0.135127092,0.137942529,0.140111183,0.143067709,0.145842993,0.148483016,0.152199194,0.157548437,0.158409119,0.161609109,0.165080355
17,0.108344266,0.110237862,0.112431534,0.115234789,0.116171559,0.117411124,0.120064008,0.121968394,0.123619261,0.126476379,0.128947945,0.129747455,0.130942498,0.133717159,0.137341668,0.139673644,0.140618436,0.143180969,0.146337266,0.1484636,0.151099391,0.154184321,0.156624323,0.159866528,0.162933947,0.165855175,0.169924537,0.175718123,0.176749451,0.180281653,0.184077863
18,0.120604308,0.122699885,0.125100522,0.128152859,0.129229823,0.1306062,0.133517524,0.135601558,0.137437154,0.140559899,0.143266425,0.144198438,0.145554027,0.148603496,0.152535713,0.155088902,0.156193852,0.159010109,0.162432697,0.164804389,0.167708726,0.171063364,0.173783185,0.17731145,0.180674166,0.183880167,0.188301775,0.194529845,0.195742648,0.199608678,0.203727654
19,0.133377422,0.13568023,0.138290216,0.141592533,0.142817548,0.14433457,0.147507999,0.149773464,0.151799032,0.155189478,0.158133241,0.159205699,0.160728785,0.16405694,0.168294948,0.171071051,0.172345504,0.175418392,0.179105018,0.181728537,0.184905009,0.18852786,0.191534161,0.195347023,0.199006193,0.202498625,0.207269138,0.21391888,0.215322582,0.21952156,0.223958776
20,0.146635974,0.149150337,0.151971079,0.155523076,0.156903349,0.158564181,0.1620021,0.164449877,0.166669717,0.170328581,0.17351062,0.174730748,0.176427387,0.180036625,0.184576808,0.18757628,0.189028597,0.192359531,0.196306401,0.199186698,0.202637252,0.206525165,0.209822754,0.213916972,0.217871766,0.221650394,0.226764148,0.233820019,0.235422546,0.239951155,0.244699858
21,0.160351626,0.163080931,0.166112875,0.169913091,0.171455128,0.173262257,0.176965779,0.179595867,0.182013318,0.185939983,0.18936012,0.190734374,0.192609688,0.19650093,0.201338047,0.204560115,0.206197609,0.209786526,0.213988383,0.217128865,0.220853815,0.225002043,0.228593855,0.232964475,0.237212118,0.24127484,0.246723961,0.254167919,0.255975614,0.260828188,0.265879513
22,0.174495435,0.177442125,0.180684771,0.184730625,0.186440193,0.18839542,0.192364409,0.195175937,0.197793369,0.201985917,0.205642782,0.207176807,0.209234951,0.213407657,0.218534926,0.221977615,0.223806497,0.227651882,0.232102075,0.235504599,0.239502649,0.243904925,0.247792017,0.252432453,0.256968273,0.261311172,0.267085683,0.274897424,0.276914999,0.282083624,0.287426727
23,0.18903795,0.192203524,0.195655453,0.199943286,0.201825377,0.203929814,0.208162905,0.211154159,0.21397297,0.218428221,0.222319281,0.224017872,0.226262013,0.23071421,0.236123389,0.239783562,0.241808895,0.245907812,0.250598389,0.254263259,0.258531539,0.263180155,0.267361718,0.272263843,0.277081341,0.281698738,0.287786694,0.295943902,0.298174399,0.303649032,0.30927123
24,0.203949315,0.20733433,0.210993226,0.215518351,0.217577153,0.21983123,0.224325855,0.227494306,0.230514925,0.235228478,0.239350079,0.241217152,0.243649456,0.248377766,0.254059251,0.257932643,0.260158316,0.264506453,0.269428241,0.27335423,0.277888341,0.282774237,0.287247625,0.292401863,0.297492796,0.302377326,0.308764953,0.317243547,0.319688326,0.325456936,0.331343861
25,0.219199365,0.222803447,0.22666613,0.23142288,0.233661759,0.236065224,0.24081765,0.244159982,0.247381877,0.252348162,0.256695568,0.258734141,0.261355767,0.266355449,0.272298371,0.276379638,0.278808345,0.283400064,0.288542768,0.292727142,0.297521214,0.302634071,0.307394843,0.312790281,0.31814475,0.323287445,0.329959291,0.33873368,0.341392426,0.347441142,0.353576901
26,0.234757729,0.238579584,0.242642041,0.247623825,0.250045305,0.252597237,0.257602607,0.261114754,0.264536447,0.269748777,0.27431622,0.276528402,0.279339499,0.2846045,0.290796822,0.295079598,0.297712829,0.302541227,0.307893524,0.312332083,0.317378838,0.322707181,0.327749163,0.333373655,0.338980215,0.344370602,0.351309695,0.360353029,0.363223775,0.369537048,0.375904395
27,0.250593924,0.254631361,0.258888781,0.264088139,0.266693894,0.269392718,0.274645094,0.278322274,0.281941366,0.287391995,0.292172728,0.294559708,0.297559433,0.303082442,0.309511065,0.313988016,0.316826058,0.321883033,0.327432676,0.332119804,0.337410631,0.342941937,0.348257288,0.354097576,0.359943349,0.365569553,0.372757565,0.382041988,0.385121158,0.391681932,0.398262441
28,0.266677457,0.270927402,0.27537422,0.280782882,0.283573735,0.286417235,0.29190965,0.295746409,0.299559598,0.305239788,0.310226141,0.312788195,0.315974722,0.321747232,0.328398107,0.333060993,0.336102945,0.34137927,0.347113187,0.352041912,0.357566953,0.363287756,0.368867058,0.374908888,0.380979687,0.386828548,0.394245968,0.40374286,0.407025329,0.413815222,0.420589463
29,0.282977912,0.287436445,0.292066378,0.297675325,0.300651247,0.303636593,0.309361104,0.313351354,0.317354474,0.323254558,0.328438,0.331174496,0.334545046,0.340557421,0.347415652,0.352255398,0.355499193,0.360984594,0.366888996,0.372051059,0.377799294,0.383695302,0.389527651,0.3957559,0.402036357,0.40809355,0.415719857,0.425400077,0.428879245,0.435878731,0.442826452
30,0.299465049,0.304127429,0.308933525,0.314733051,0.317893171,0.321016937,0.326964683,0.331101751,0.335289806,0.341399258,0.346770461,0.349679876,0.353230742,0.359472296,0.366522253,0.371529018,0.374971451,0.380654694,0.386715177,0.39210111,0.398060455,0.404116664,0.410189778,0.416588577,0.423062283,0.429312446,0.437126283,0.446960401,0.450628279,0.457816876,0.464917179
31,0.316108891,0.320969591,0.325944273,0.331924051,0.335266668,0.338524863,0.344686129,0.3489628,0.353330001,0.359637514,0.365186419,0.368266359,0.371992947,0.378452016,0.385677448,0.390840698,0.394477467,0.400346447,0.406548099,0.412147308,0.418304716,0.424505525,0.430805854,0.437358714,0.444008361,0.450435229,0.458414578,0.468373097,0.472220408,0.479576863,0.486808386
32,0.332879812,0.337932558,0.343067675,0.349216817,0.352739419,0.356127513,0.362491796,0.366900364,0.371440176,0.377933731,0.38364962,0.386896847,0.390793714,0.397457746,0.404841886,0.410150471,0.413976226,0.420018058,0.426345563,0.432146422,0.438487983,0.444817316,0.451330164,0.458020101,0.464827622,0.47141416,0.479536518,0.489590087,0.493606374,0.501108855,0.508449937
33,0.349748616,0.354986429,0.360273302,0.366580431,0.370279717,0.373792676,0.380348749,0.384881066,0.389586255,0.396253203,0.402124768,0.405535233,0.409596135,0.416451771,0.423977451,0.429419684,0.433428077,0.439629191,0.446066935,0.452056879,0.458567933,0.465009349,0.471719002,0.47852866,0.485475378,0.492203922,0.500446468,0.510566079,0.514739826,0.5223661,0.529794959
34,0.366686622,0.372101861,0.377531338,0.383984647,0.387856557,0.391488876,0.398224861,0.402872386,0.407735068,0.414562207,0.420577624,0.424146505,0.428364448,0.435397615,0.44304737,0.448611104,0.452794854,0.459141093,0.465673261,0.471838888,0.478504131,0.48504094,0.491930795,0.498842572,0.505909345,0.512761736,0.5211015,0.531258675,0.535577429,0.543305046,0.550799933
35,0.383665737,0.389250144,0.39481265,0.401399974,0.405439717,0.409185455,0.416088894,0.420842746,0.425854444,0.432828096,0.438975099,0.44269684,0.447064134,0.454260135,0.462016311,0.467689021,0.472039976,0.478516694,0.485127372,0.491454547,0.498258142,0.504873518,0.511926217,0.518922378,0.526089744,0.533047467,0.541461488,0.551628453,0.556078957,0.563885421,0.571424778
36,0.400658524,0.406403277,0.412088869,0.418797746,0.422999839,0.426852657,0.433910584,0.438761592,0.443913285,0.451019379,0.457285336,0.461153693,0.465662011,0.473005619,0.480850472,0.486619333,0.491128544,0.497720705,0.504393973,0.510867934,0.517793622,0.524470708,0.531668274,0.538731071,0.545979387,0.553023707,0.56148919,0.571639027,0.576207351,0.584070285,0.59163289
37,0.417638277,0.423534035,0.429332453,0.436150189,0.440508494,0.444461693,0.45166071,0.456599465,0.461881652,0.469105801,0.475477782,0.479485875,0.484126314,0.491601865,0.499517664,0.505369631,0.510027423,0.516719697,0.523439722,0.530045183,0.537076395,0.543798412,0.551122383,0.55823416,0.565543745,0.57265584,0.581150296,0.591257089,0.595928764,0.603826068,0.61139117
38,0.434579074,0.440616034,0.446516753,0.453430489,0.457938256,0.461984817,0.469311164,0.47432807,0.479730823,0.487058406,0.493523259,0.497663623,0.502426767,0.510018254,0.51798737,0.523909256,0.528705308,0.53548217,0.542233291,0.548954557,0.556074518,0.562824859,0.570256426,0.577399728,0.584750993,0.591912078,0.600413466,0.610452421,0.615212578,0.623122573,0.630670017
39,0.45145584,0.457623787,0.463616075,0.470612843,0.475262753,0.479395379,0.486835012,0.491920335,0.497433362,0.504849595,0.511394022,0.515658658,0.520534641,0.528225808,0.53623081,0.542209361,0.547132787,0.553978608,0.560745419,0.567566487,0.574758325,0.581520653,0.589040792,0.59619846,0.603572036,0.610763488,0.61925034,0.629197897,0.634031395,0.641932963,0.649443304
40,0.468244399,0.47453276,0.480605725,0.487672513,0.492456728,0.496667882,0.504206543,0.509350461,0.514963163,0.522453182,0.529063804,0.533444238,0.538422813,0.546197246,0.554220981,0.560242954,0.56528238,0.572181523,0.57894895,0.585853616,0.593100461,0.599858799,0.607448397,0.61460366,0.621980522,0.629183997,0.637635531,0.647469458,0.652361019,0.660233723,0.667688326
41,0.484921518,0.491319419,0.497462062,0.504585872,0.50949608,0.513778028,0.521401317,0.52659397,0.532295501,0.539844432,0.546507859,0.550995201,0.556065804,0.563907021,0.571932697,0.577984926,0.583128579,0.590065484,0.596818854,0.603790819,0.611075905,0.617814711,0.625454698,0.63259126,0.639952833,0.647150376,0.655546607,0.665246071,0.670180404,0.678004601,0.685385736
42,0.501464954,0.507961269,0.514162537,0.521330439,0.526357909,0.530702758,0.538396206,0.543627741,0.549407068,0.557000098,0.563702996,0.568287997,0.573439813,0.581331353,0.58934261,0.595412079,0.600647864,0.607607136,0.614332246,0.621355209,0.628661968,0.635366217,0.643037679,0.650139795,0.657468067,0.66464221,0.672964041,0.682509674,0.687471596,0.695228537,0.702519453
43,0.517853487,0.524436896,0.530685731,0.537884918,0.543020545,0.547420289,0.555169423,0.560430038,0.566276,0.573898447,0.580627601,0.585300713,0.590522743,0.598448248,0.606429231,0.612503135,0.617818719,0.624785208,0.631468379,0.638526142,0.645838289,0.652493539,0.660177836,0.667230382,0.674507993,0.681641854,0.689871159,0.699245105,0.704219654,0.711891568,0.719076557
44,0.534066954,0.540725998,0.547011379,0.554229219,0.559463583,0.563910136,0.571700548,0.576980539,0.582881901,0.59051928,0.597261655,0.60201309,0.607294213,0.615237513,0.623172928,0.629238738,0.634621631,0.641580504,0.648208641,0.655285193,0.662586813,0.669179266,0.676858141,0.683846674,0.691057008,0.698134372,0.706254068,0.715440009,0.720412553,0.727982722,0.735047178
45,0.550086276,0.556809407,0.563120402,0.570344483,0.575667898,0.580153139,0.58797055,0.593260346,0.59920586,0.606843942,0.61358674,0.618406528,0.623735569,0.631680756,0.639555928,0.645601446,0.651039079,0.657975897,0.664536529,0.671616138,0.678891762,0.685408315,0.693063992,0.699974809,0.707102065,0.714107461,0.722101566,0.731084744,0.736041079,0.743493898,0.750424352
46,0.565893479,0.572669113,0.57899492,0.586213099,0.591615666,0.596131473,0.603961791,0.609251999,0.615230455,0.622855327,0.629586042,0.63446409,0.639829877,0.647761378,0.655562304,0.661575713,0.667055516,0.673956293,0.680437619,0.687504911,0.694739585,0.701167883,0.708783158,0.715603337,0.722632601,0.729551368,0.737405051,0.746172271,0.751098709,0.758419732,0.765203888
47,0.581471712,0.588288277,0.594618267,0.601818711,0.607290371,0.611828659,0.619658041,0.624939477,0.630939754,0.638537876,0.64524434,0.65017049,0.655561915,0.663464563,0.671177948,0.677147867,0.68265734,0.689508606,0.695899525,0.70293956,0.710118912,0.716447381,0.724005706,0.730723149,0.737640447,0.744458795,0.752158409,0.760698031,0.76558148,0.77275746,0.779384208
48,0.596805257,0.603651245,0.609975,0.617146224,0.622676809,0.627229566,0.635044468,0.640308197,0.646319315,0.653877564,0.660547998,0.665512081,0.670918155,0.678777249,0.68639055,0.692306071,0.697832854,0.704621709,0.710911851,0.717910192,0.725020488,0.731238369,0.73872393,0.745327389,0.752119736,0.758824788,0.766357899,0.774659817,0.779487857,0.786506762,0.792966192
49,0.611879539,0.61874355,0.6250509,0.632181804,0.637761089,0.642320407,0.650107639,0.655345001,0.661356167,0.66886189,0.675484942,0.680476829,0.685886739,0.693688105,0.701189555,0.707040284,0.712572227,0.719286385,0.725466131,0.732408908,0.739437103,0.745534474,0.752932253,0.759411358,0.766066794,0.772646628,0.780002028,0.788057643,0.79281858,0.799669613,0.805953006
50,0.626681124,0.633551914,0.639832973,0.646912873,0.652530622,0.657088733,0.664835504,0.670038143,0.676038796,0.683479847,0.690044634,0.69505429,0.700457447,0.708187487,0.715566122,0.721342214,0.726867434,0.73349527,0.739555767,0.746429732,0.753363512,0.75933131,0.766627144,0.772972414,0.779480031,0.78592371,0.793091422,0.800893601,0.805576523,0.812250117,0.818349941
51,0.641197721,0.648064243,0.654309438,0.661328097,0.666974113,0.671523416,0.679217377,0.684377272,0.690357121,0.6977219,0.704218038,0.709235569,0.714621655,0.722267399,0.729513078,0.735205264,0.740712204,0.747242784,0.753175959,0.759968535,0.766796355,0.77262638,0.77980701,0.786009866,0.792359825,0.798657415,0.805628689,0.813171718,0.817766533,0.824254347,0.830164231
52,0.655418175,0.662269617,0.668469719,0.675417371,0.681081542,0.685614633,0.693243917,0.698353398,0.704302468,0.71157995,0.717997586,0.723013288,0.728372299,0.73592144,0.743024855,0.748624467,0.754101951,0.760525063,0.766323624,0.773022947,0.779734062,0.785418985,0.792472093,0.798524858,0.804708399,0.81085098,0.81761828,0.82489781,0.829395279,0.835690178,0.841404889
53,0.669332455,0.67615828,0.682304431,0.689171801,0.694844146,0.699353841,0.706907099,0.711958872,0.717867529,0.7250473,0.731377135,0.73638153,0.74170382,0.749144754,0.756097437,0.761596427,0.767033705,0.773339882,0.77899732,0.785592277,0.79217676,0.797710122,0.80462436,0.810520256,0.816529695,0.822509369,0.829066349,0.836079335,0.840471093,0.846567123,0.852082527
54,0.682931639,0.689721621,0.695805354,0.702583682,0.708254388,0.712733751,0.72020018,0.725187342,0.731046334,0.738118607,0.744351918,0.7493358,0.75461211,0.761933967,0.768728291,0.774119246,0.779506037,0.785686576,0.791197158,0.797677412,0.804126175,0.809502375,0.81626739,0.822000528,0.827829253,0.833639133,0.839980611,0.846725244,0.851003814,0.856896167,0.862209193
55,0.696207901,0.702952154,0.708965417,0.715646469,0.721305931,0.725748293,0.733117666,0.738033722,0.743834201,0.750789838,0.756918497,0.761872966,0.767094461,0.774287124,0.780916302,0.786192453,0.791518983,0.797565953,0.802924714,0.809280729,0.81558553,0.820799815,0.827406259,0.832971623,0.838614074,0.844248278,0.850370198,0.856845835,0.861004632,0.866689608,0.871798195
56,0.709154482,0.715843493,0.721778662,0.728354745,0.733993608,0.738392585,0.745655275,0.750494146,0.756227695,0.763058223,0.769074705,0.7739912,0.779149496,0.786203624,0.792661698,0.797816925,0.803073961,0.808980212,0.814182938,0.820405993,0.826559442,0.831607887,0.838047423,0.84344085,0.848892499,0.854346128,0.860245519,0.866452611,0.870485939,0.875960896,0.880863949
57,0.721765673,0.728390323,0.734240225,0.740704192,0.746313378,0.750662893,0.757809886,0.762565921,0.768224578,0.774922197,0.780819595,0.785689922,0.790777109,0.79768415,0.803965979,0.808994814,0.814173688,0.819932849,0.824976062,0.831058262,0.837053815,0.8419333,0.848198602,0.853416757,0.858674076,0.863943193,0.869618121,0.875558135,0.879461173,0.88472448,0.889421809
58,0.734036781,0.740588373,0.746346289,0.752691552,0.758262295,0.762556587,0.769579502,0.774247486,0.779823758,0.786381349,0.792153374,0.796969734,0.801978397,0.808730592,0.814831836,0.819729459,0.824822094,0.83042857,0.835309504,0.841243781,0.847075739,0.851783921,0.857868661,0.862909011,0.867969441,0.873051035,0.878500553,0.884175894,0.887944682,0.892995661,0.897487928
59,0.745964102,0.752434381,0.758094061,0.764314585,0.76983846,0.774072101,0.780963199,0.785538352,0.791025232,0.797436362,0.803077344,0.807832356,0.812755591,0.819345982,0.825263081,0.830025313,0.835024235,0.8404732,0.845189776,0.850969889,0.856633379,0.861168666,0.867067499,0.871928277,0.876790184,0.881682141,0.886906232,0.892320165,0.895951577,0.900790447,0.905079102
60,0.757544888,0.763926057,0.769481725,0.775572036,0.78104098,0.785208883,0.791961074,0.796439057,0.801830037,0.808088951,0.813593842,0.818280561,0.823111984,0.82953441,0.835264558,0.839887853,0.844786208,0.850073587,0.854624389,0.860244914,0.865735877,0.870097388,0.875805931,0.880486104,0.885148738,0.889849799,0.894849318,0.900005889,0.903497605,0.908125417,0.912212639
61,0.768777311,0.775062048,0.780508404,0.786463583,0.791869922,0.795967349,0.802574196,0.806951108,0.812240184,0.818341807,0.823706171,0.828318102,0.833051863,0.839300953,0.844842075,0.849323503,0.854115061,0.859237518,0.863621759,0.86907808,0.874393245,0.878580779,0.884095583,0.888594811,0.893058256,0.897567973,0.90234459,0.907248548,0.910599015,0.915017595,0.918906229
62,0.779660429,0.785841893,0.79117412,0.796989796,0.802326264,0.806348834,0.812804549,0.817076925,0.822258606,0.82819853,0.833418537,0.837949649,0.842580434,0.848651595,0.854002316,0.858339549,0.863018711,0.867973623,0.872191116,0.877479403,0.882616266,0.88663026,0.891948777,0.896267378,0.900532501,0.904851192,0.909407326,0.914064044,0.917272444,0.921484326,0.925177819
63,0.790194142,0.796265989,0.801479747,0.807152095,0.812411844,0.816355535,0.822654983,0.826819787,0.831889094,0.83766357,0.842735982,0.847180719,0.85170375,0.857593154,0.862752766,0.866944059,0.871505852,0.876291288,0.88034241,0.885459603,0.890416397,0.894257887,0.899378435,0.903517337,0.907585738,0.911714437,0.916053195,0.920468599,0.923534802,0.927543162,0.931045502
64,0.800379158,0.806335543,0.811426968,0.816952693,0.822129316,0.825990468,0.832129152,0.836183774,0.84113624,0.846742163,0.851664322,0.856017604,0.860428641,0.866133206,0.871101634,0.875145802,0.879585878,0.88420057,0.88808623,0.89303001,0.897805671,0.90147625,0.90639797,0.910358678,0.914232628,0.918173038,0.922298151,0.926478644,0.929403165,0.93321176,0.936527414
65,0.810216948,0.81605253,0.821018228,0.82639456,0.831482093,0.835257407,0.841231464,0.845173707,0.850005377,0.855440265,0.860210077,0.864467305,0.868762638,0.874280006,0.879057777,0.882954172,0.887268794,0.89171211,0.895433709,0.900202472,0.904796609,0.908298385,0.913021201,0.916805742,0.920488136,0.924242571,0.928158333,0.932110726,0.934894678,0.938507782,0.941641635
66,0.819709706,0.825419646,0.830256689,0.835481363,0.8404743,0.844160836,0.849967022,0.853795094,0.858502515,0.863764495,0.86838041,0.872537467,0.87671391,0.882042422,0.886630622,0.890379108,0.894565141,0.89883705,0.90239645,0.906989273,0.91140213,0.914737683,0.919262253,0.922873142,0.926367434,0.929938773,0.933649975,0.93738142,0.940026465,0.943448808,0.946406106
67,0.828860306,0.834440269,0.839146181,0.844217426,0.849110718,0.852705893,0.858341569,0.862054071,0.866634286,0.87172207,0.876183062,0.880236308,0.884291187,0.889429856,0.893830098,0.897431022,0.901485918,0.905586958,0.90898644,0.913403053,0.917635469,0.920807807,0.925135475,0.928575667,0.931885817,0.935277448,0.938789322,0.942307246,0.944815547,0.948052252,0.950838545
68,0.837672257,0.843118407,0.847691157,0.852607677,0.857396739,0.860898321,0.866361435,0.869957345,0.874407883,0.879320744,0.883626289,0.887572556,0.891503698,0.896452177,0.900666562,0.904120728,0.908042507,0.91197375,0.915215979,0.919456723,0.923510097,0.926522613,0.930655361,0.933928207,0.937058627,0.940274394,0.943592549,0.946904596,0.949278766,0.952335296,0.954956382
69,0.846149663,0.851458655,0.855896644,0.860657602,0.865338309,0.868744409,0.874033477,0.87751214,0.881831002,0.886568749,0.890718801,0.894555385,0.898361105,0.903119657,0.907150733,0.91045937,0.914246599,0.918009615,0.921097605,0.925163398,0.929039646,0.931896076,0.935836474,0.93894568,0.941901174,0.944945324,0.948075693,0.951189667,0.95343272,0.956314817,0.958776695
70,0.854297177,0.859466152,0.863768198,0.868373194,0.872941881,0.876250947,0.881365032,0.884726141,0.888911786,0.893474739,0.897469706,0.901194358,0.904873434,0.909442899,0.913293625,0.91645836,0.920110131,0.923706951,0.926644027,0.930536325,0.934237838,0.936942221,0.940693373,0.943642958,0.946428669,0.949305805,0.952254585,0.955178398,0.957293702,0.960007337,0.962316155
71,0.862119959,0.867146531,0.871311855,0.875760909,0.880214364,0.883425172,0.888363859,0.891607441,0.895658772,0.900047732,0.903888449,0.907499361,0.911051025,0.915432782,0.91910649,0.922129316,0.925645219,0.929078297,0.931868059,0.935588817,0.939118425,0.941675058,0.945240553,0.948034807,0.950656167,0.953371196,0.956144798,0.95888642,0.960877646,0.96342897,0.965590981
72,0.869623632,0.874505879,0.878534088,0.882827614,0.887163077,0.890274716,0.895038092,0.898164488,0.902080835,0.906297056,0.909984759,0.91348055,0.916904462,0.921100396,0.924600753,0.927483997,0.930864098,0.934136274,0.936782564,0.940334194,0.94369512,0.946108524,0.949492387,0.952135831,0.954598509,0.957156591,0.959761593,0.962329006,0.964200086,0.966595378,0.968616899
73,0.876814241,0.881550689,0.885441761,0.889580551,0.893795697,0.896807563,0.901396187,0.904406038,0.908187135,0.912232296,0.915768595,0.919148296,0.922444526,0.926456989,0.929787961,0.932534254,0.935779063,0.938893527,0.941400393,0.944785728,0.947981551,0.950256427,0.953463066,0.955960417,0.958270269,0.960676778,0.963119873,0.965521032,0.967276111,0.969521741,0.971409111
74,0.883698213,0.888287822,0.892042085,0.896027282,0.900120216,0.903031997,0.907446877,0.910341101,0.913987073,0.917863245,0.921250096,0.924513135,0.927682136,0.931513913,0.934679725,0.937291973,0.940402419,0.943362674,0.945734339,0.948956589,0.951991201,0.954132402,0.957166559,0.959522692,0.961685718,0.963946191,0.966234147,0.968476943,0.970120339,0.972222722,0.973982269
75,0.890282312,0.894724461,0.898342576,0.902175654,0.906144896,0.908956559,0.913199123,0.915978902,0.919490238,0.923199857,0.926439535,0.929585716,0.932628305,0.936282572,0.939287679,0.941769032,0.944746429,0.947556254,0.949797085,0.952859799,0.955737371,0.957749858,0.960616565,0.962836478,0.964858779,0.966978878,0.969118496,0.971210722,0.972746884,0.974712445,0.976350453
76,0.896573603,0.90086807,0.904351013,0.908033753,0.911878226,0.914590004,0.918662072,0.921328828,0.924706366,0.928252201,0.931347271,0.934376755,0.937294087,0.940774378,0.943623427,0.945977248,0.948823272,0.951486685,0.953601165,0.956508191,0.95923313,0.961121948,0.963826479,0.965915261,0.967802995,0.969788469,0.971786546,0.973735866,0.97516934,0.977004479,0.978527159
77,0.902579412,0.906726358,0.910075398,0.913609865,0.917328879,0.919941256,0.923845013,0.926400394,0.929645293,0.933030417,0.935983708,0.938896994,0.941690538,0.945000707,0.947698505,0.949928344,0.952644998,0.955166225,0.957158921,0.959914371,0.962491285,0.96426153,0.966809355,0.968772157,0.970531506,0.972388152,0.974251446,0.976065371,0.977400761,0.979111823,0.980525286
78,0.908307287,0.912307237,0.915523918,0.918912438,0.922505675,0.925019371,0.928757337,0.931203196,0.93431692,0.937544677,0.940359255,0.943157159,0.945828673,0.948972857,0.951524342,0.953633907,0.956223491,0.958606932,0.960482471,0.963090681,0.965524346,0.967181133,0.969577882,0.971419886,0.973057019,0.97479065,0.976525851,0.978211717,0.979453652,0.981046901,0.982357136
79,0.913764967,0.917618789,0.920704909,0.923950047,0.927417543,0.929833498,0.933408503,0.935746877,0.938731168,0.941805149,0.94448429,0.947167922,0.949719431,0.952702014,0.955112224,0.957105351,0.959570438,0.961820634,0.963583678,0.966049173,0.968344498,0.96989294,0.972144358,0.973870752,0.975391794,0.977008207,0.978621909,0.980186854,0.981339964,0.982821555,0.984034407
80,0.918960342,0.922669227,0.925626819,0.928731355,0.932073481,0.934392844,0.937807995,0.940041091,0.942897948,0.945821959,0.948369122,0.950939868,0.953373634,0.956199215,0.958473261,0.960353894,0.962697292,0.964818896,0.96647412,0.968801582,0.970963577,0.972408757,0.974520669,0.976136624,0.977547629,0.979052578,0.980551251,0.982002202,0.983071087,0.984447046,0.985568202
81,0.923901422,0.927466864,0.930298174,0.933265084,0.936482528,0.938706637,0.941965294,0.94409547,0.946827128,0.94960516,0.952023965,0.95448346,0.956801964,0.959475323,0.96161836,0.963390522,0.965615254,0.967613002,0.969165071,0.971359304,0.973393049,0.974740002,0.97671828,0.978228925,0.979535848,0.980935016,0.98232499,0.983668649,0.984657853,0.98593406,0.986969033
82,0.928596307,0.932020082,0.934727551,0.937559981,0.940653731,0.942784099,0.945889847,0.947919591,0.950528498,0.953164705,0.955458902,0.957809017,0.96001493,0.962540992,0.964558199,0.966225973,0.968335243,0.970213927,0.971667476,0.973733377,0.975643997,0.976897687,0.978748213,0.98015862,0.981367295,0.982666275,0.983953715,0.985196549,0.986110542,0.987292713,0.98824683
83,0.933053154,0.936337297,0.938923542,0.94162479,0.944596112,0.946634412,0.949591034,0.951522951,0.954011746,0.956510412,0.958683867,0.960926678,0.963022841,0.96540665,0.967303205,0.968870707,0.970867877,0.97263232,0.973991938,0.975934467,0.977727104,0.978892408,0.98062105,0.981936208,0.983052331,0.984256602,0.985447499,0.986595727,0.987438885,0.98853256,0.989410952
84,0.937280151,0.940426938,0.942894731,0.945468227,0.948318644,0.950266694,0.953078145,0.954914937,0.957286428,0.95965195,0.961708615,0.963846386,0.965835787,0.968082475,0.969863533,0.971334897,0.973223459,0.974878489,0.976148703,0.977972856,0.979652645,0.980734336,0.982346917,0.983571725,0.984600834,0.985715744,0.986815895,0.98787549,0.988652078,0.98966261,0.990470206
85,0.94128549,0.944297415,0.946649665,0.949098949,0.951830225,0.953689973,0.956360353,0.958104806,0.96036195,0.962598808,0.964542703,0.966577867,0.968463616,0.970578376,0.97224905,0.973628406,0.975411958,0.976962393,0.97814765,0.979858434,0.98143048,0.982433215,0.983935491,0.985074738,0.986022198,0.987052951,0.988067954,0.98904463,0.989758789,0.990691336,0.991432856
86,0.945077342,0.947957096,0.950196831,0.952525535,0.955139652,0.956913161,0.959446695,0.961101662,0.963247544,0.96536028,0.967195471,0.969130608,0.97091592,0.972903979,0.974469325,0.975760781,0.977443004,0.978893622,0.979998283,0.981600692,0.983070051,0.983998357,0.985395994,0.986454349,0.987325341,0.988276984,0.989212223,0.990111443,0.990767177,0.991626692,0.992306646
87,0.94866383,0.951414284,0.953544633,0.955756463,0.958255604,0.959945037,0.962346048,0.963914434,0.965952249,0.967945446,0.969676028,0.971513843,0.973202015,0.975068612,0.976533609,0.977741238,0.979325872,0.980681403,0.981709722,0.983208719,0.984580378,0.985438646,0.9867372,0.987719199,0.988518714,0.989396121,0.990256767,0.991083734,0.991684901,0.992476134,0.993098818
88,0.952053015,0.954677194,0.956701373,0.958800093,0.961186617,0.962794226,0.965067112,0.966551863,0.968484895,0.970363155,0.971993235,0.973736542,0.975330936,0.977081295,0.978450835,0.979578657,0.981069482,0.982334584,0.983290709,0.984691201,0.985970063,0.986762537,0.987967436,0.988877478,0.989610303,0.990418174,0.991209174,0.991968837,0.992519143,0.993246631,0.993816128
89,0.95525287,0.957753939,0.959675229,0.961664642,0.963941072,0.965469181,0.967618399,0.969022484,0.970854089,0.972622016,0.974155694,0.975807396,0.977311418,0.978950732,0.980229606,0.981281577,0.982682393,0.983861642,0.984749598,0.986056422,0.987247292,0.98797806,0.989094592,0.989936928,0.990607646,0.991350495,0.992076572,0.992773629,0.993276621,0.993944692,0.994464872
90,0.958271263,0.960652505,0.962474242,0.964358177,0.966527175,0.96797817,0.97000821,0.971334613,0.973068203,0.974730385,0.976171738,0.977734811,0.979151897,0.980685307,0.98187819,0.982858192,0.984172799,0.985270673,0.986094359,0.987312268,0.988419839,0.989092832,0.990126131,0.990904859,0.991517841,0.992199993,0.992865647,0.993504546,0.993963608,0.994576378,0.995050904
91,0.96111594,0.96338074,0.965106297,0.966888592,0.968952946,0.970329261,0.972244632,0.973496337,0.975135361,0.976696354,0.978049426,0.979526899,0.980860499,0.982293074,0.983404523,0.984316347,0.985548534,0.986569403,0.987332587,0.98846623,0.989495071,0.990114058,0.991069093,0.991788154,0.992347561,0.99297315,0.993582656,0.994167601,0.994585953,0.99514733,0.995579657
92,0.963794514,0.965946339,0.967579112,0.969263603,0.971226205,0.972530311,0.97433552,0.975515504,0.977063436,0.978527747,0.979796531,0.981191476,0.982445035,0.983781762,0.984816201,0.985663545,0.986817068,0.987765184,0.988471496,0.989525412,0.990479961,0.991048547,0.991930113,0.992593287,0.99310307,0.993676034,0.994233443,0.994768403,0.995149098,0.995662783,0.996056165
93,0.966314444,0.968356827,0.969900225,0.971490733,0.973354563,0.974588957,0.976288494,0.977399714,0.978860036,0.980232112,0.981420544,0.982736054,0.983913003,0.985158769,0.986120485,0.986906944,0.987985515,0.988865004,0.989517935,0.99049654,0.991381094,0.991902717,0.992715429,0.993326335,0.993790232,0.994314315,0.994823462,0.995312172,0.995658098,0.996127589,0.996485084
94,0.968683029,0.970619555,0.972076984,0.9735773,0.975345412,0.976512606,0.97811093,0.979156315,0.980532504,0.981816719,0.982928662,0.984167844,0.985271584,0.986431164,0.987324302,0.98805336,0.989060637,0.989875489,0.990478388,0.991385966,0.992204675,0.992682608,0.993430897,0.993992992,0.994414532,0.994893287,0.995357788,0.995803761,0.996117643,0.99654624,0.996870714
95,0.970907397,0.972741684,0.974116536,0.975530414,0.977205918,0.978308431,0.979809954,0.980792396,0.982087914,0.983288556,0.984327794,0.985493751,0.986527645,0.987605693,0.988434251,0.989109277,0.990048846,0.990802916,0.991358987,0.992199684,0.992956546,0.993393897,0.994082004,0.994598581,0.994981091,0.995417878,0.995841139,0.996247672,0.996532074,0.996922882,0.997217019
96,0.972994492,0.974730178,0.976025824,0.977356971,0.978943017,0.979983362,0.981392438,0.982314786,0.983533065,0.98465433,0.98562456,0.986720381,0.98768774,0.988688778,0.989456603,0.990080845,0.990956219,0.991653216,0.992165521,0.992943336,0.993642194,0.994041907,0.994673884,0.995148075,0.995494681,0.995892671,0.996277896,0.996648076,0.996905403,0.997261342,0.997527648
97,0.974951069,0.9765918,0.977811577,0.97906364,0.980563407,0.981544087,0.982865,0.983730051,0.984874485,0.985920465,0.986825287,0.987854036,0.988758113,0.989686524,0.990397311,0.990973896,0.991788499,0.992431986,0.992903443,0.993622227,0.994266766,0.994631626,0.995211331,0.995646108,0.99595974,0.996321922,0.996672115,0.99700883,0.997241335,0.997565141,0.997805952
98,0.976783687,0.978333104,0.979480304,0.980656868,0.98207355,0.982997046,0.984233999,0.985044493,0.986118427,0.987093106,0.98793602,0.988900725,0.989744704,0.990604726,0.991262016,0.991793944,0.992551107,0.993144499,0.993577883,0.994241335,0.994835079,0.995167712,0.995698816,0.996096993,0.996380394,0.996709576,0.997027548,0.997333496,0.997543282,0.997837517,0.998055006
99,0.978498705,0.979960428,0.981038296,0.982142871,0.983479664,0.984348431,0.985505537,0.986264152,0.987270875,0.988178118,0.988962518,0.989866164,0.990653154,0.991448874,0.992056053,0.992546199,0.993249154,0.993795715,0.994193661,0.994805323,0.995351639,0.995654517,0.996140499,0.996504738,0.996760467,0.997059283,0.997347663,0.997625356,0.997814384,0.998081443,0.998277629
100,0.980102273,0.981479897,0.982491618,0.983527637,0.984787725,0.985604184,0.986685461,0.987394807,0.988337543,0.989181095,0.989910263,0.990755783,0.99148881,0.992224161,0.992784464,0.993235571,0.993887446,0.994390291,0.994755296,0.995318555,0.995820647,0.996096095,0.996540248,0.99687306,0.9971035,0.997374416,0.997635654,0.997887435,0.998057527,0.998299642,0.998476397
101,0.981600335,0.982897414,0.983846109,0.984816921,0.986003471,0.986770002,0.98777936,0.988441978,0.989323879,0.99010736,0.990784464,0.991574729,0.992256735,0.992935491,0.993451999,0.993866688,0.994470499,0.994932595,0.99526702,0.995785105,0.996246021,0.996496217,0.996901652,0.9972054,0.997412769,0.997658087,0.997894466,0.998122508,0.998275355,0.998494607,0.998653662
102,0.982998623,0.984218664,0.985107384,0.986016248,0.987132395,0.987851334,0.988792574,0.989410928,0.99023507,0.990961969,0.991590062,0.992327879,0.992961713,0.993587491,0.994063134,0.994443895,0.995002549,0.995426712,0.995732787,0.996208774,0.996631403,0.996858387,0.997228036,0.997504943,0.997691295,0.997913164,0.998126804,0.998333127,0.998470294,0.998668616,0.99881157
103,0.984302657,0.985449111,0.986280831,0.987130913,0.988179753,0.988853387,0.989730194,0.990306672,0.991076047,0.991749724,0.99233174,0.993019843,0.993608258,0.994184516,0.994622075,0.994971274,0.995487562,0.995876465,0.996156289,0.9965931,0.99698018,0.997185857,0.997522476,0.997774628,0.997941866,0.998142283,0.998335151,0.998521626,0.998644558,0.998823746,0.998952074
104,0.985517744,0.986593998,0.987371614,0.988165985,0.989150567,0.989781126,0.990597066,0.991133976,0.991851491,0.992475171,0.993013925,0.993654971,0.994200625,0.994730658,0.995132772,0.995452651,0.995929248,0.996285419,0.99654097,0.996941372,0.99729549,0.997481635,0.997787813,0.998017164,0.998167045,0.998347866,0.998521787,0.998690144,0.998800174,0.99896189,0.999076951
105,0.986648981,0.987658351,0.988384674,0.989126305,0.990049625,0.990639283,0.991397798,0.991897367,0.992565836,0.993142612,0.993640799,0.994237367,0.994742814,0.995229763,0.995598925,0.995891606,0.99633107,0.996656898,0.996890031,0.997256644,0.997580239,0.997748507,0.998026669,0.998235045,0.998369191,0.998532137,0.998688794,0.998840633,0.998938987,0.99908477,0.999187812
106,0.987701252,0.988646978,0.989324735,0.990016494,0.990881486,0.991432357,0.992136764,0.992601137,0.993223282,0.993756111,0.994216307,0.994770891,0.995238587,0.995685432,0.996023999,0.996291484,0.996696257,0.996993994,0.99720645,0.997541748,0.997837117,0.997989044,0.998241458,0.998430564,0.998550466,0.998697129,0.998838078,0.998974876,0.999062678,0.999193951,0.99928612
107,0.988679235,0.989564474,0.990196301,0.990840958,0.991650487,0.992164621,0.992818109,0.993249347,0.993827796,0.994319503,0.994744165,0.995259171,0.995691469,0.996101038,0.996411232,0.996655408,0.997027816,0.997299581,0.997492989,0.997799303,0.998068606,0.998205616,0.998434399,0.998605826,0.998712853,0.998844704,0.998971379,0.999094495,0.999172778,0.999290851,0.999373196
108,0.989587399,0.990415225,0.991003667,0.991603884,0.992360747,0.992840127,0.99344576,0.99384584,0.994383122,0.994836399,0.995227868,0.995705615,0.996104764,0.996479732,0.996763645,0.996986288,0.997328541,0.997576327,0.997752208,0.998031732,0.998276994,0.998400407,0.998607531,0.998762758,0.998858166,0.998976562,0.999090283,0.999200968,0.999270675,0.999376757,0.999450237
109,0.990430013,0.991203408,0.991750918,0.992309256,0.99301617,0.993462715,0.994023426,0.994394242,0.994892788,0.995310197,0.995670696,0.996113415,0.996481563,0.996824458,0.997084057,0.997286832,0.997601027,0.997826701,0.997986477,0.998241271,0.99846439,0.998575424,0.998762724,0.998903125,0.998988064,0.999094253,0.999196232,0.999295636,0.999357629,0.99945283,0.999518323
110,0.991211144,0.991932999,0.992441938,0.992960852,0.993620457,0.994036014,0.994554609,0.994897973,0.995360116,0.995744089,0.99607573,0.996485558,0.996824752,0.997137958,0.997375088,0.997559558,0.997847682,0.998052991,0.998197984,0.998429981,0.99863273,0.998732512,0.998901691,0.999028541,0.99910406,0.99919919,0.999290538,0.999379718,0.999434781,0.999520122,0.999578426
111,0.991934668,0.992607776,0.99308041,0.993562253,0.994177105,0.994563454,0.995042612,0.995360253,0.995788225,0.996141071,0.996445852,0.996824839,0.997137024,0.997422783,0.997639175,0.997806802,0.998070731,0.998257311,0.998388752,0.998599759,0.998783794,0.998873359,0.999025997,0.999140478,0.999207533,0.999292658,0.999374395,0.999454317,0.999503164,0.99957958,0.999631423
112,0.992604266,0.993231326,0.993669826,0.994116848,0.994689418,0.995048269,0.995490544,0.995784109,0.996180046,0.996503947,0.996783762,0.997133864,0.997420888,0.997681307,0.99787858,0.998030729,0.998272234,0.99844161,0.998560642,0.998752349,0.998919213,0.998999515,0.999137073,0.999240277,0.99929974,0.999375824,0.99944888,0.99952043,0.99956371,0.999632058,0.999678102
113,0.993223435,0.993807046,0.994213494,0.994627843,0.995160514,0.995493507,0.995901328,0.996172384,0.996538325,0.996835345,0.997091978,0.997415063,0.997678676,0.997915734,0.998095399,0.998233344,0.998454093,0.998607685,0.99871537,0.998889352,0.999040482,0.999112396,0.999236224,0.999329158,0.99938182,0.999449746,0.999514973,0.99957896,0.99961726,0.999678323,0.999719169
114,0.993795493,0.994338154,0.994714536,0.995098261,0.99559333,0.995902035,0.99627771,0.996527747,0.996865632,0.997137718,0.997372854,0.997670699,0.997912559,0.998128105,0.998291574,0.9984165,0.998618063,0.998757192,0.99885451,0.999012236,0.999148965,0.999213293,0.999324637,0.999408232,0.999454811,0.999515384,0.999573559,0.999630721,0.999664574,0.999719067,0.999755259
115,0.99432358,0.994827692,0.995175905,0.995530956,0.995990628,0.996276546,0.996622264,0.996852696,0.997164371,0.997413358,0.99762858,0.997902877,0.998124546,0.998320311,0.9984689,0.998581909,0.998765756,0.998891651,0.998979511,0.999122345,0.99924591,0.999303388,0.999403394,0.999478506,0.999519651,0.999573606,0.999625435,0.999676447,0.999706332,0.999754909,0.999786939
116,0.994810668,0.995278532,0.995600381,0.995928613,0.996355004,0.996619569,0.996937402,0.997149566,0.997436786,0.997664398,0.997861197,0.99811355,0.998316503,0.998494102,0.998629033,0.998731148,0.99889866,0.999012457,0.999091698,0.999220907,0.999332455,0.999383753,0.999473477,0.999540892,0.999577191,0.999625198,0.999671323,0.999716798,0.99974315,0.999786403,0.999814717
117,0.995259566,0.995693384,0.995990586,0.996293759,0.996688897,0.996933473,0.997225381,0.997420544,0.99768497,0.997892827,0.998072602,0.998304529,0.998490155,0.998651092,0.998773503,0.998865671,0.999018139,0.999120892,0.999192286,0.999309046,0.999409636,0.999455367,0.999535777,0.999596218,0.999628201,0.999670866,0.999711872,0.999752368,0.999775576,0.999814046,0.999839046
118,0.995672921,0.996074798,0.996348985,0.996628768,0.996994591,0.997220478,0.99748831,0.997667666,0.997910873,0.998100493,0.998264553,0.998477494,0.998647097,0.998792771,0.998903716,0.998986814,0.999125444,0.999218128,0.999282387,0.999387784,0.999478395,0.999519117,0.999591101,0.999645229,0.999673374,0.999711251,0.999747666,0.99978369,0.999804106,0.999838283,0.999860331
119,0.996053232,0.996425174,0.996677893,0.996935867,0.997274225,0.997482656,0.997728156,0.997892833,0.998116307,0.998289114,0.998438685,0.998633996,0.9987888,0.998920511,0.999020968,0.999095806,0.999221722,0.999305235,0.999363015,0.999458054,0.999539587,0.99957581,0.999640179,0.999688602,0.999713338,0.999746926,0.99977923,0.999811242,0.99982918,0.999859509,0.999878931
120,0.996402849,0.996746769,0.996979485,0.997217144,0.997529799,0.997721944,0.997946754,0.998097813,0.998302959,0.998460281,0.99859651,0.998775469,0.998916621,0.999035575,0.999126449,0.999193774,0.999308022,0.999383195,0.999435095,0.999520704,0.999593991,0.999626175,0.999683673,0.999726944,0.999748656,0.999778408,0.999807035,0.999835451,0.999851194,0.999878079,0.999895167
121,0.996723983,0.997041701,0.997255798,0.997474552,0.997763183,0.997940151,0.998145811,0.998284251,0.998472392,0.998615471,0.998739425,0.998903239,0.999031812,0.999139124,0.99922125,0.99928175,0.999385305,0.999452899,0.999499473,0.999576506,0.99964231,0.999670873,0.999722177,0.999760803,0.999779837,0.999806162,0.999831504,0.999856701,0.999870502,0.999894306,0.999909324
122,0.997018711,0.997311952,0.997508739,0.997709919,0.997976118,0.998138958,0.998326916,0.998453674,0.998626056,0.998756048,0.998868723,0.999018524,0.99913552,0.999232223,0.999306372,0.99936068,0.999454446,0.999515163,0.999556914,0.999626158,0.999685179,0.999710502,0.99975623,0.999790672,0.999807338,0.999830605,0.999853014,0.999875333,0.999887418,0.99990847,0.999921653
123,0.99728898,0.997559384,0.997740093,0.997924952,0.998170231,0.998319932,0.998491545,0.998607501,0.998765293,0.998883274,0.998985598,0.999122447,0.999228802,0.999315848,0.999382732,0.999431427,0.999516243,0.999570726,0.999608117,0.999670295,0.999723176,0.999745601,0.999786315,0.999816993,0.999831567,0.999852109,0.999871904,0.999891653,0.999902222,0.999920821,0.999932379
124,0.997536615,0.997785733,0.997951525,0.998121243,0.998347032,0.99848453,0.998641066,0.998747043,0.998891344,0.998998315,0.999091148,0.999216043,0.999312626,0.999390892,0.999451166,0.999494782,0.999571424,0.999620262,0.999653716,0.99970949,0.99975682,0.999776656,0.999812868,0.999840163,0.999852892,0.999871009,0.999888477,0.999905932,0.999915166,0.999931577,0.9999417
125,0.997763325,0.997992624,0.998144592,0.998300275,0.998507929,0.998634101,0.998776748,0.998873516,0.999005355,0.999102246,0.999186387,0.999300258,0.999387879,0.999458174,0.99951244,0.999551465,0.999620649,0.999664384,0.999694285,0.999744262,0.999786579,0.999804107,0.999836279,0.999860538,0.999871642,0.999887602,0.999903001,0.999918412,0.99992647,0.999940936,0.99994979
126,0.997970709,0.998181573,0.998320743,0.998463431,0.998654227,0.998769901,0.998899764,0.998988045,0.999108383,0.999196055,0.999272245,0.999375964,0.999455375,0.999518441,0.999567252,0.99960213,0.99966452,0.999703644,0.999730344,0.999775081,0.999812876,0.999828347,0.9998569,0.999878437,0.999888112,0.999902157,0.999915716,0.999929309,0.999936333,0.999949069,0.999956805
127,0.998160256,0.998353994,0.998481326,0.998611993,0.998787136,0.998893091,0.999011202,0.999091665,0.999201404,0.999280654,0.999349578,0.999443957,0.999515856,0.999572374,0.999616237,0.999647376,0.999703582,0.999738546,0.999762363,0.999802369,0.999836089,0.999849729,0.999875043,0.999894144,0.999902563,0.999914909,0.999926837,0.999938812,0.999944928,0.999956128,0.99996288
128,0.998333361,0.998511202,0.998627598,0.998747155,0.998907781,0.999004743,0.999112063,0.999185335,0.999285315,0.99935688,0.99941917,0.999504966,0.999569999,0.999620594,0.999659974,0.999687745,0.999738329,0.999769544,0.999790769,0.999826507,0.999856559,0.999868573,0.999890992,0.999907913,0.99991523,0.999926072,0.999936553,0.999947092,0.999952412,0.99996225,0.999968135
129,0.998491319,0.998654421,0.998760724,0.998870024,0.999017198,0.999105852,0.999203272,0.999269937,0.99936094,0.999425499,0.999481742,0.99955966,0.999618423,0.999663666,0.999698989,0.99972373,0.999769208,0.999797048,0.999815945,0.999847837,0.999874593,0.999885163,0.999904997,0.999919971,0.999926322,0.999935833,0.999945033,0.999954299,0.99995892,0.999967552,0.999972676
130,0.998635338,0.998784789,0.998881785,0.998981624,0.99911635,0.999197334,0.999285683,0.999346281,0.999429036,0.999487218,0.999537952,0.999608646,0.999661693,0.999702105,0.99973376,0.999755777,0.999796624,0.999821429,0.999838237,0.999866668,0.999890464,0.999899754,0.999917282,0.999930519,0.999936026,0.999944359,0.999952427,0.999960563,0.999964574,0.99997214,0.999976596
131,0.998766541,0.998903361,0.998991786,0.999082907,0.999206123,0.999280034,0.999360081,0.999415114,0.9994903,0.999542682,0.999588402,0.999652481,0.999700319,0.999736378,0.999764718,0.999784292,0.999820943,0.999843021,0.999857956,0.999883276,0.999904418,0.999912573,0.999928048,0.999939736,0.999944505,0.9999518,0.999958867,0.999966004,0.999969481,0.999976104,0.999979975
132,0.998885972,0.999011117,0.999091655,0.999174749,0.999287335,0.999354731,0.999427186,0.999477122,0.999545367,0.99959248,0.999633644,0.999691669,0.999734768,0.999766908,0.999792258,0.99980964,0.999842493,0.999862126,0.999875384,0.99989791,0.999916673,0.999923826,0.999937473,0.999947783,0.999951908,0.999958286,0.99996447,0.999970725,0.999973736,0.999979527,0.999982885
133,0.998994598,0.999108962,0.999182251,0.999257962,0.999360742,0.999422142,0.999487663,0.999532932,0.99959482,0.999637152,0.999674179,0.999726672,0.999765464,0.999794079,0.999816733,0.999832153,0.999861573,0.999879013,0.999890771,0.999910791,0.999927427,0.999933693,0.999945716,0.9999548,0.999958364,0.999963935,0.999969341,0.999974815,0.99997742,0.999982478,0.999985388
134,0.999093316,0.999197735,0.999264368,0.999333295,0.999427037,0.999482924,0.999542119,0.999583122,0.999639193,0.999677191,0.999710465,0.999757909,0.999792789,0.999818238,0.999838465,0.99985213,0.999878449,0.999893926,0.999904344,0.999922119,0.999936853,0.999942337,0.999952918,0.999960913,0.999963989,0.99996885,0.99997357,0.999978357,0.999980607,0.99998502,0.999987539
135,0.999182958,0.999278212,0.99933874,0.999401439,0.999486859,0.999537683,0.999591112,0.999628218,0.999678972,0.999713046,0.99974292,0.999785758,0.999817091,0.999839701,0.999857743,0.99986984,0.999893363,0.999907084,0.999916305,0.999932072,0.999945107,0.999949901,0.999959203,0.999966233,0.999968884,0.999973121,0.999977239,0.999981419,0.999983362,0.999987207,0.999989385
136,0.999264292,0.99935111,0.999406041,0.999463028,0.999540795,0.999586974,0.999635152,0.999668702,0.999714602,0.999745126,0.999771923,0.999810566,0.999838685,0.99985875,0.999874829,0.999885527,0.999906529,0.999918682,0.999926836,0.999940807,0.999952327,0.999956514,0.999964684,0.999970858,0.99997314,0.999976829,0.999980417,0.999984064,0.99998574,0.999989087,0.999990967
137,0.999338029,0.999417087,0.999466896,0.999518647,0.999589383,0.999631305,0.999674708,0.999705015,0.999746486,0.999773805,0.999797818,0.999832644,0.999857854,0.999875641,0.999889958,0.999899409,0.999918142,0.999928896,0.9999361,0.999948466,0.999958638,0.99996229,0.999969458,0.999974875,0.999976837,0.999980045,0.999983169,0.999986347,0.99998779,0.9999907,0.999992322
138,0.999404823,0.999476752,0.999521876,0.999568835,0.999633117,0.99967114,0.999710204,0.999737558,0.999774995,0.999799419,0.999820919,0.999852274,0.999874854,0.999890606,0.999903342,0.999911682,0.999928376,0.999937882,0.99994424,0.999955176,0.999964147,0.99996733,0.999973612,0.999978359,0.999980044,0.999982832,0.999985549,0.999988315,0.999989557,0.999992084,0.999993481
139,0.999465281,0.999530666,0.999571509,0.999614084,0.999672449,0.999706906,0.999742032,0.999766699,0.999800462,0.999822278,0.999841509,0.999869713,0.999889918,0.999903853,0.999915172,0.999922524,0.999937386,0.999945781,0.999951387,0.999961048,0.999968952,0.999971723,0.999977223,0.999981379,0.999982824,0.999985244,0.999987604,0.99999001,0.999991077,0.999993269,0.999994471
140,0.999519958,0.999579343,0.999616279,0.999654848,0.999707793,0.99973899,0.999770546,0.99979277,0.999823193,0.999842659,0.999859846,0.999885191,0.999903254,0.999915567,0.999925618,0.999932093,0.999945311,0.999952717,0.999957656,0.999966181,0.999973139,0.999975549,0.999980359,0.999983994,0.999985232,0.99998733,0.999989378,0.999991467,0.999992384,0.999994283,0.999995316
141,0.999569369,0.999623257,0.99965663,0.999691541,0.999739526,0.999767747,0.999796069,0.999816075,0.999843463,0.999860817,0.999876161,0.999898916,0.999915048,0.999925917,0.999934834,0.999940531,0.999952275,0.999958803,0.999963149,0.999970666,0.999976783,0.999978877,0.99998308,0.999986255,0.999987314,0.999989132,0.999990907,0.99999272,0.999993506,0.999995149,0.999996036
142,0.999613984,0.999662842,0.999692969,0.999724543,0.999767994,0.999793501,0.999818897,0.99983689,0.999861524,0.999876978,0.999890666,0.999911076,0.99992547,0.999935054,0.999942958,0.999947964,0.999958389,0.999964137,0.999967958,0.999974579,0.999979952,0.999981769,0.999985438,0.999988208,0.999989114,0.999990687,0.999992224,0.999993795,0.999994468,0.999995889,0.99999665
143,0.999654237,0.999698495,0.999725668,0.999754202,0.999793512,0.999816545,0.999839296,0.999855465,0.999877602,0.999891351,0.99990355,0.99992184,0.99993467,0.999943112,0.999950111,0.999954507,0.999963751,0.999968808,0.999972165,0.99997799,0.999982705,0.99998428,0.999987479,0.999989894,0.999990668,0.999992027,0.999993356,0.999994717,0.999995293,0.999996519,0.999997171
144,0.999690525,0.999730581,0.999755069,0.999780833,0.999816366,0.999837148,0.99985751,0.999872027,0.999891902,0.999904122,0.999914985,0.999931358,0.999942785,0.999950213,0.999956406,0.999960261,0.999968451,0.999972895,0.999975841,0.999980962,0.999985094,0.999986459,0.999989245,0.999991348,0.999992007,0.999993181,0.99999433,0.999995506,0.999995999,0.999997057,0.999997614
145,0.999723212,0.999759435,0.999781482,0.999804728,0.999836818,0.999855551,0.999873759,0.999886782,0.99990461,0.999915461,0.999925124,0.999939769,0.999949935,0.999956465,0.999961939,0.999965316,0.999972565,0.999976468,0.99997905,0.999983547,0.999987165,0.999988346,0.999990771,0.9999926,0.999993162,0.999994174,0.999995166,0.999996182,0.999996603,0.999997514,0.99999799
146,0.999752632,0.99978536,0.999805193,0.999826149,0.999855104,0.999871977,0.999888243,0.999899915,0.999915893,0.999925519,0.999934107,0.999947194,0.99995623,0.999961963,0.999966798,0.999969754,0.999976164,0.999979587,0.999981849,0.999985794,0.99998896,0.99998998,0.999992088,0.999993677,0.999994155,0.999995027,0.999995882,0.999996759,0.999997118,0.999997902,0.999998308
147,0.999779091,0.999808636,0.999826462,0.999845338,0.999871442,0.999886626,0.999901143,0.999911596,0.999925902,0.999934433,0.999942059,0.999953743,0.999961767,0.999966796,0.999971062,0.999973647,0.999979309,0.999982309,0.999984289,0.999987746,0.999990512,0.999991393,0.999993223,0.999994602,0.999995009,0.99999576,0.999996496,0.999997252,0.999997558,0.999998232,0.999998578
148,0.999802868,0.999829516,0.999845524,0.999862513,0.999886025,0.999899677,0.999912623,0.999921975,0.999934774,0.999942327,0.999949093,0.999959514,0.999966633,0.999971039,0.9999748,0.999977058,0.999982055,0.999984682,0.999986412,0.999989439,0.999991854,0.999992614,0.999994202,0.999995397,0.999995742,0.999996388,0.999997022,0.999997672,0.999997933,0.999998511,0.999998806
149,0.999824217,0.999848232,0.999862595,0.999877874,0.999899033,0.999911297,0.999922831,0.999931191,0.999942631,0.999949311,0.999955309,0.999964595,0.999970905,0.999974761,0.999978074,0.999980044,0.99998445,0.999986748,0.999988259,0.999990907,0.999993013,0.999993667,0.999995044,0.999996079,0.999996372,0.999996926,0.999997471,0.99999803,0.999998252,0.999998748,0.999998999
150,0.999843372,0.999864995,0.999877871,0.9998916,0.999910626,0.999921634,0.999931899,0.999939367,0.999949582,0.999955486,0.999960797,0.999969064,0.999974652,0.999978024,0.999980939,0.999982656,0.999986538,0.999988545,0.999989864,0.999992178,0.999994012,0.999994576,0.999995767,0.999996663,0.999996911,0.999997387,0.999997855,0.999998335,0.999998524,0.999998948,0.999999161
151,0.999860544,0.999879997,0.999891529,0.999903856,0.999920948,0.99993082,0.999939949,0.999946613,0.999955728,0.999960939,0.999965639,0.999972993,0.999977935,0.999980881,0.999983443,0.999984939,0.999988355,0.999990108,0.999991258,0.999993278,0.999994874,0.999995359,0.999996389,0.999997163,0.999997373,0.999997781,0.999998182,0.999998594,0.999998754,0.999999117,0.999999298
152,0.999875926,0.999893412,0.999903732,0.999914792,0.999930133,0.999938978,0.999947089,0.999953031,0.999961156,0.999965753,0.999969907,0.999976442,0.999980811,0.99998338,0.999985632,0.999986933,0.999989936,0.999991465,0.999992466,0.999994228,0.999995616,0.999996032,0.999996922,0.999997591,0.999997768,0.999998117,0.999998461,0.999998814,0.99999895,0.99999926,0.999999413
153,0.999889694,0.999905398,0.999914626,0.99992454,0.999938298,0.999946217,0.999953416,0.999958711,0.999965947,0.999969997,0.999973666,0.999979468,0.999983325,0.999985565,0.999987541,0.999988672,0.99999131,0.999992642,0.999993514,0.999995048,0.999996254,0.999996611,0.99999738,0.999997956,0.999998105,0.999998404,0.999998698,0.999999001,0.999999116,0.99999938,0.99999951
154,0.999902007,0.9999161,0.999924343,0.999933224,0.999945551,0.999952635,0.999959019,0.999963732,0.999970171,0.999973736,0.999976974,0.99998212,0.999985523,0.999987474,0.999989206,0.999990188,0.999992503,0.999993663,0.999994421,0.999995756,0.999996802,0.999997108,0.999997771,0.999998267,0.999998393,0.999998649,0.9999989,0.999999159,0.999999256,0.999999482,0.999999591
155,0.999913011,0.999925646,0.999933004,0.999940952,0.999951989,0.99995832,0.999963977,0.999968168,0.999973893,0.999977028,0.999979883,0.999984443,0.999987443,0.999989139,0.999990657,0.999991509,0.999993538,0.999994547,0.999995205,0.999996366,0.999997273,0.999997535,0.999998106,0.999998533,0.999998639,0.999998857,0.999999072,0.999999293,0.999999375,0.999999567,0.99999966
156,0.999922837,0.999934156,0.999940718,0.999947826,0.999957698,0.999963351,0.999968359,0.999972083,0.999977169,0.999979923,0.999982438,0.999986476,0.999989117,0.999990591,0.999991919,0.999992658,0.999994435,0.999995312,0.999995883,0.999996892,0.999997676,0.999997901,0.999998392,0.999998759,0.999998848,0.999999034,0.999999218,0.999999406,0.999999475,0.999999639,0.999999717
157,0.999931604,0.999941735,0.999947582,0.999953934,0.999962757,0.999967801,0.99997223,0.999975537,0.99998005,0.999982468,0.999984681,0.999988253,0.999990576,0.999991855,0.999993017,0.999993656,0.999995212,0.999995973,0.999996468,0.999997343,0.999998022,0.999998214,0.999998636,0.999998951,0.999999026,0.999999185,0.999999341,0.999999502,0.99999956,0.999999699,0.999999765
158,0.999939421,0.999948481,0.999953687,0.999959358,0.999967236,0.999971733,0.999975646,0.99997858,0.999982582,0.999984702,0.999986649,0.999989805,0.999991847,0.999992956,0.999993971,0.999994524,0.999995884,0.999996544,0.999996972,0.999997732,0.999998318,0.999998482,0.999998844,0.999999115,0.999999178,0.999999312,0.999999446,0.999999582,0.999999632,0.999999749,0.999999805
159,0.999946384,0.99995448,0.99995911,0.99996417,0.999971199,0.999975204,0.999978659,0.999981259,0.999984805,0.999986662,0.999988372,0.999991159,0.999992952,0.999993913,0.999994799,0.999995277,0.999996465,0.999997037,0.999997407,0.999998065,0.999998571,0.999998711,0.999999022,0.999999253,0.999999306,0.999999421,0.999999534,0.99999965,0.999999692,0.999999791,0.999999838
160,0.999952582,0.99995981,0.999963925,0.999968436,0.999974702,0.999978266,0.999981314,0.999983616,0.999986755,0.99998838,0.999989882,0.99999234,0.999993913,0.999994745,0.999995518,0.99999593,0.999996966,0.999997461,0.999997782,0.999998351,0.999998787,0.999998906,0.999999173,0.999999371,0.999999415,0.999999512,0.999999609,0.999999707,0.999999742,0.999999827,0.999999866
161,0.999958094,0.999964542,0.999968197,0.999972216,0.999977796,0.999980965,0.999983651,0.999985688,0.999988465,0.999989885,0.999991202,0.999993369,0.999994748,0.999995466,0.99999614,0.999996495,0.999997399,0.999997827,0.999998104,0.999998596,0.999998972,0.999999073,0.999999301,0.999999471,0.999999508,0.99999959,0.999999672,0.999999756,0.999999785,0.999999856,0.999999889
162,0.999962994,0.999968741,0.999971984,0.99997556,0.999980527,0.999983342,0.999985707,0.999987508,0.999989961,0.999991203,0.999992357,0.999994264,0.999995472,0.999996092,0.999996679,0.999996985,0.999997772,0.999998142,0.999998381,0.999998805,0.999999129,0.999999215,0.99999941,0.999999555,0.999999586,0.999999656,0.999999725,0.999999796,0.999999821,0.999999881,0.999999908
163,0.999967345,0.999972463,0.999975338,0.999978519,0.999982935,0.999985434,0.999987514,0.999989105,0.999991271,0.999992354,0.999993365,0.999995043,0.999996099,0.999996634,0.999997145,0.999997408,0.999998093,0.999998412,0.999998618,0.999998985,0.999999263,0.999999336,0.999999503,0.999999626,0.999999652,0.999999711,0.99999977,0.99999983,0.999999851,0.999999901,0.999999924
164,0.999971206,0.99997576,0.999978306,0.999981133,0.999985056,0.999987273,0.999989101,0.999990506,0.999992416,0.999993361,0.999994244,0.99999572,0.999996643,0.999997104,0.999997547,0.999997774,0.999998369,0.999998645,0.999998822,0.999999138,0.999999377,0.999999439,0.999999581,0.999999686,0.999999708,0.999999758,0.999999808,0.999999858,0.999999876,0.999999918,0.999999938
165,0.999974629,0.999978678,0.999980932,0.999983442,0.999986924,0.999988889,0.999990494,0.999991733,0.999993416,0.999994239,0.999995012,0.999996307,0.999997113,0.99999751,0.999997895,0.99999809,0.999998607,0.999998844,0.999998997,0.999999269,0.999999473,0.999999526,0.999999648,0.999999737,0.999999755,0.999999797,0.999999839,0.999999882,0.999999897,0.999999933,0.999999949
166,0.999977662,0.999981259,0.999983252,0.999985479,0.999988567,0.999990307,0.999991715,0.999992807,0.999994289,0.999995005,0.99999568,0.999996816,0.99999752,0.999997861,0.999998195,0.999998362,0.999998811,0.999999015,0.999999146,0.99999938,0.999999556,0.9999996,0.999999704,0.99999978,0.999999795,0.99999983,0.999999866,0.999999902,0.999999914,0.999999944,0.999999958
167,0.999980347,0.99998354,0.9999853,0.999987275,0.999990012,0.999991551,0.999992785,0.999993746,0.999995051,0.999995673,0.999996262,0.999997258,0.999997871,0.999998164,0.999998454,0.999998597,0.999998986,0.999999162,0.999999274,0.999999475,0.999999625,0.999999663,0.999999751,0.999999816,0.999999828,0.999999858,0.999999888,0.999999919,0.999999929,0.999999954,0.999999965
168,0.999982722,0.999985554,0.999987108,0.999988857,0.99999128,0.999992641,0.999993722,0.999994567,0.999995714,0.999996254,0.999996768,0.99999764,0.999998174,0.999998426,0.999998676,0.999998799,0.999999136,0.999999287,0.999999383,0.999999556,0.999999685,0.999999717,0.999999791,0.999999846,0.999999856,0.999999882,0.999999907,0.999999933,0.999999941,0.999999962,0.999999971
169,0.999984821,0.999987331,0.999988701,0.99999025,0.999992394,0.999993595,0.999994541,0.999995284,0.999996291,0.99999676,0.999997207,0.999997971,0.999998435,0.999998651,0.999998868,0.999998973,0.999999264,0.999999394,0.999999477,0.999999625,0.999999735,0.999999762,0.999999825,0.999999872,0.99999988,0.999999901,0.999999923,0.999999944,0.999999951,0.999999969,0.999999977
170,0.999986675,0.999988897,0.999990105,0.999991475,0.99999337,0.99999443,0.999995257,0.99999591,0.999996794,0.9999972,0.999997589,0.999998257,0.99999866,0.999998845,0.999999033,0.999999122,0.999999374,0.999999485,0.999999556,0.999999683,0.999999777,0.9999998,0.999999854,0.999999893,0.9999999,0.999999918,0.999999936,0.999999954,0.99999996,0.999999974,0.999999981
171,0.999988312,0.999990277,0.999991341,0.999992552,0.999994225,0.99999516,0.999995882,0.999996455,0.99999723,0.999997582,0.99999792,0.999998503,0.999998854,0.999999012,0.999999174,0.999999251,0.999999468,0.999999563,0.999999624,0.999999733,0.999999813,0.999999832,0.999999878,0.999999911,0.999999917,0.999999932,0.999999947,0.999999962,0.999999967,0.999999979,0.999999984
172,0.999989755,0.999991492,0.999992428,0.999993497,0.999994974,0.999995798,0.999996428,0.99999693,0.999997609,0.999997914,0.999998208,0.999998716,0.99999902,0.999999156,0.999999295,0.999999361,0.999999548,0.99999963,0.999999682,0.999999775,0.999999843,0.999999859,0.999999898,0.999999926,0.999999931,0.999999943,0.999999956,0.999999968,0.999999972,0.999999983,0.999999987
173,0.999991026,0.999992561,0.999993384,0.999994327,0.999995629,0.999996354,0.999996904,0.999997344,0.999997938,0.999998201,0.999998456,0.9999989,0.999999164,0.999999279,0.999999399,0.999999455,0.999999617,0.999999687,0.999999731,0.99999981,0.999999868,0.999999882,0.999999915,0.999999938,0.999999942,0.999999953,0.999999963,0.999999974,0.999999977,0.999999986,0.99999999
174,0.999992146,0.9999935,0.999994223,0.999995055,0.999996202,0.99999684,0.999997318,0.999997703,0.999998223,0.99999845,0.999998672,0.999999058,0.999999286,0.999999385,0.999999489,0.999999536,0.999999675,0.999999735,0.999999773,0.99999984,0.99999989,0.999999901,0.999999929,0.999999949,0.999999952,0.999999961,0.99999997,0.999999979,0.999999981,0.999999989,0.999999991
175,0.999993131,0.999994325,0.999994959,0.999995692,0.999996702,0.999997262,0.999997679,0.999998016,0.99999847,0.999998666,0.999998858,0.999999194,0.999999392,0.999999475,0.999999565,0.999999605,0.999999725,0.999999776,0.999999808,0.999999866,0.999999908,0.999999917,0.999999941,0.999999957,0.99999996,0.999999968,0.999999975,0.999999982,0.999999985,0.999999991,0.999999993
176,0.999993996,0.999995049,0.999995605,0.99999625,0.999997138,0.999997631,0.999997993,0.999998287,0.999998683,0.999998853,0.999999019,0.999999311,0.999999482,0.999999553,0.99999963,0.999999664,0.999999767,0.999999811,0.999999838,0.999999887,0.999999923,0.999999931,0.999999951,0.999999965,0.999999967,0.999999973,0.999999979,0.999999985,0.999999987,0.999999992,0.999999994
177,0.999994757,0.999995683,0.999996171,0.999996739,0.999997519,0.999997951,0.999998266,0.999998522,0.999998868,0.999999014,0.999999158,0.999999412,0.999999559,0.99999962,0.999999686,0.999999715,0.999999803,0.99999984,0.999999864,0.999999906,0.999999936,0.999999942,0.999999959,0.999999971,0.999999973,0.999999978,0.999999983,0.999999988,0.99999999,0.999999994,0.999999995
178,0.999995425,0.99999624,0.999996666,0.999997165,0.999997851,0.999998229,0.999998502,0.999998727,0.999999028,0.999999153,0.999999277,0.999999498,0.999999625,0.999999677,0.999999733,0.999999758,0.999999834,0.999999865,0.999999885,0.999999921,0.999999946,0.999999952,0.999999966,0.999999976,0.999999977,0.999999982,0.999999986,0.99999999,0.999999992,0.999999995,0.999999996
179,0.99999601,0.999996726,0.9999971,0.999997538,0.999998139,0.999998471,0.999998708,0.999998903,0.999999166,0.999999273,0.999999381,0.999999572,0.999999682,0.999999725,0.999999774,0.999999795,0.99999986,0.999999887,0.999999904,0.999999934,0.999999955,0.99999996,0.999999972,0.99999998,0.999999981,0.999999985,0.999999988,0.999999992,0.999999993,0.999999996,0.999999997
180,0.999996523,0.999997152,0.999997479,0.999997863,0.99999839,0.999998681,0.999998886,0.999999056,0.999999284,0.999999377,0.99999947,0.999999635,0.99999973,0.999999767,0.999999808,0.999999826,0.999999882,0.999999905,0.999999919,0.999999945,0.999999963,0.999999967,0.999999977,0.999999984,0.999999985,0.999999988,0.99999999,0.999999993,0.999999994,0.999999997,0.999999998
181,0.999996973,0.999997525,0.99999781,0.999998147,0.999998609,0.999998863,0.99999904,0.999999188,0.999999387,0.999999466,0.999999546,0.999999689,0.999999771,0.999999802,0.999999838,0.999999853,0.999999901,0.99999992,0.999999932,0.999999954,0.999999969,0.999999972,0.999999981,0.999999986,0.999999987,0.99999999,0.999999992,0.999999995,0.999999995,0.999999997,0.999999998
182,0.999997366,0.99999785,0.999998099,0.999998394,0.999998798,0.99999902,0.999999174,0.999999303,0.999999475,0.999999543,0.999999612,0.999999736,0.999999806,0.999999832,0.999999863,0.999999876,0.999999916,0.999999933,0.999999943,0.999999961,0.999999974,0.999999977,0.999999984,0.999999989,0.999999989,0.999999992,0.999999994,0.999999996,0.999999996,0.999999998,0.999999998
183,0.99999771,0.999998134,0.999998351,0.99999861,0.999998963,0.999999157,0.999999289,0.999999401,0.999999551,0.999999609,0.999999668,0.999999776,0.999999836,0.999999858,0.999999884,0.999999895,0.99999993,0.999999944,0.999999952,0.999999968,0.999999979,0.999999981,0.999999987,0.999999991,0.999999991,0.999999993,0.999999995,0.999999996,0.999999997,0.999999998,0.999999999
184,0.99999801,0.999998382,0.99999857,0.999998797,0.999999106,0.999999275,0.999999389,0.999999486,0.999999616,0.999999666,0.999999717,0.999999809,0.999999861,0.99999988,0.999999902,0.999999911,0.999999941,0.999999953,0.99999996,0.999999973,0.999999982,0.999999984,0.999999989,0.999999992,0.999999993,0.999999994,0.999999996,0.999999997,0.999999997,0.999999999,0.999999999
185,0.999998273,0.999998597,0.999998762,0.99999896,0.999999229,0.999999376,0.999999476,0.99999956,0.999999672,0.999999715,0.999999759,0.999999838,0.999999882,0.999999898,0.999999917,0.999999925,0.99999995,0.99999996,0.999999967,0.999999978,0.999999985,0.999999987,0.999999991,0.999999994,0.999999994,0.999999995,0.999999996,0.999999998,0.999999998,0.999999999,0.999999999
186,0.999998502,0.999998785,0.999998928,0.999999101,0.999999336,0.999999465,0.99999955,0.999999623,0.99999972,0.999999757,0.999999794,0.999999863,0.999999901,0.999999914,0.99999993,0.999999937,0.999999958,0.999999967,0.999999972,0.999999981,0.999999988,0.999999989,0.999999993,0.999999995,0.999999995,0.999999996,0.999999997,0.999999998,0.999999998,0.999999999,0.999999999
187,0.999998701,0.999998949,0.999999073,0.999999224,0.999999429,0.999999541,0.999999614,0.999999677,0.999999761,0.999999792,0.999999825,0.999999884,0.999999916,0.999999928,0.999999941,0.999999947,0.999999965,0.999999972,0.999999977,0.999999985,0.99999999,0.999999991,0.999999994,0.999999996,0.999999996,0.999999997,0.999999998,0.999999998,0.999999999,0.999999999,0.999999999
188,0.999998875,0.999999091,0.999999199,0.999999331,0.999999509,0.999999606,0.999999669,0.999999724,0.999999797,0.999999823,0.999999851,0.999999902,0.999999929,0.999999939,0.999999951,0.999999955,0.999999971,0.999999977,0.999999981,0.999999987,0.999999992,0.999999993,0.999999995,0.999999997,0.999999997,0.999999997,0.999999998,0.999999999,0.999999999,0.999999999,1
189,0.999999026,0.999999215,0.999999308,0.999999423,0.999999578,0.999999662,0.999999717,0.999999764,0.999999827,0.999999849,0.999999873,0.999999917,0.999999941,0.999999949,0.999999959,0.999999962,0.999999976,0.999999981,0.999999984,0.999999989,0.999999993,0.999999994,0.999999996,0.999999997,0.999999997,0.999999998,0.999999998,0.999999999,0.999999999,1,1
190,0.999999158,0.999999322,0.999999403,0.999999503,0.999999638,0.999999711,0.999999758,0.999999799,0.999999853,0.999999872,0.999999892,0.99999993,0.99999995,0.999999957,0.999999965,0.999999968,0.99999998,0.999999984,0.999999986,0.999999991,0.999999994,0.999999995,0.999999997,0.999999998,0.999999998,0.999999998,0.999999999,0.999999999,0.999999999,1,1
191,0.999999272,0.999999415,0.999999485,0.999999572,0.999999689,0.999999753,0.999999793,0.999999828,0.999999875,0.999999891,0.999999909,0.999999941,0.999999958,0.999999964,0.999999971,0.999999973,0.999999983,0.999999987,0.999999989,0.999999993,0.999999995,0.999999996,0.999999997,0.999999998,0.999999998,0.999999999,0.999999999,0.999999999,0.999999999,1,1
192,0.999999371,0.999999495,0.999999556,0.999999632,0.999999734,0.999999789,0.999999823,0.999999854,0.999999894,0.999999908,0.999999922,0.99999995,0.999999965,0.999999969,0.999999976,0.999999978,0.999999986,0.999999989,0.999999991,0.999999994,0.999999996,0.999999997,0.999999998,0.999999998,0.999999999,0.999999999,0.999999999,0.999999999,1,1,1
193,0.999999457,0.999999565,0.999999618,0.999999684,0.999999772,0.99999982,0.999999849,0.999999875,0.99999991,0.999999922,0.999999934,0.999999958,0.99999997,0.999999974,0.999999979,0.999999981,0.999999988,0.999999991,0.999999992,0.999999995,0.999999997,0.999999997,0.999999998,0.999999999,0.999999999,0.999999999,0.999999999,1,1,1,1
194,0.999999532,0.999999626,0.999999671,0.999999728,0.999999805,0.999999846,0.999999871,0.999999894,0.999999924,0.999999934,0.999999944,0.999999965,0.999999975,0.999999978,0.999999983,0.999999984,0.99999999,0.999999992,0.999999994,0.999999996,0.999999997,0.999999998,0.999999998,0.999999999,0.999999999,0.999999999,0.999999999,1,1,1,1
195,0.999999597,0.999999678,0.999999717,0.999999767,0.999999833,0.999999869,0.99999989,0.99999991,0.999999935,0.999999944,0.999999953,0.99999997,0.999999979,0.999999982,0.999999986,0.999999987,0.999999992,0.999999994,0.999999995,0.999999997,0.999999998,0.999999998,0.999999999,0.999999999,0.999999999,0.999999999,1,1,1,1,1
196,0.999999653,0.999999723,0.999999757,0.9999998,0.999999857,0.999999888,0.999999907,0.999999923,0.999999945,0.999999952,0.99999996,0.999999975,0.999999983,0.999999985,0.999999988,0.999999989,0.999999993,0.999999995,0.999999996,0.999999997,0.999999998,0.999999998,0.999999999,0.999999999,0.999999999,1,1,1,1,1,1
197,0.999999701,0.999999762,0.999999791,0.999999829,0.999999878,0.999999905,0.999999921,0.999999935,0.999999954,0.99999996,0.999999966,0.999999979,0.999999985,0.999999987,0.99999999,0.999999991,0.999999994,0.999999996,0.999999996,0.999999998,0.999999999,0.999999999,0.999999999,0.999999999,0.999999999,1,1,1,1,1,1
198,0.999999743,0.999999796,0.999999821,0.999999853,0.999999896,0.999999919,0.999999932,0.999999945,0.999999961,0.999999966,0.999999972,0.999999982,0.999999988,0.999999989,0.999999992,0.999999992,0.999999995,0.999999996,0.999999997,0.999999998,0.999999999,0.999999999,0.999999999,1,1,1,1,1,1,1,1
199,0.999999779,0.999999825,0.999999847,0.999999874,0.999999911,0.999999931,0.999999943,0.999999953,0.999999967,0.999999971,0.999999976,0.999999985,0.99999999,0.999999991,0.999999993,0.999999994,0.999999996,0.999999997,0.999999998,0.999999998,0.999999999,0.999999999,0.999999999,1,1,1,1,1,1,1,1
200,0.99999981,0.99999985,0.999999868,0.999999893,0.999999925,0.999999941,0.999999951,0.99999996,0.999999972,0.999999976,0.99999998,0.999999988,0.999999992,0.999999993,0.999999994,0.999999995,0.999999997,0.999999998,0.999999998,0.999999999,0.999999999,0.999999999,1,1,1,1,1,1,1,1,1
201,0.999999837,0.999999871,0.999999887,0.999999908,0.999999936,0.99999995,0.999999959,0.999999966,0.999999976,0.99999998,0.999999983,0.99999999,0.999999993,0.999999994,0.999999995,0.999999996,0.999999997,0.999999998,0.999999998,0.999999999,0.999999999,0.999999999,1,1,1,1,1,1,1,1,1
202,0.99999986,0.99999989,0.999999904,0.999999922,0.999999945,0.999999958,0.999999965,0.999999972,0.99999998,0.999999983,0.999999986,0.999999991,0.999999994,0.999999995,0.999999996,0.999999996,0.999999998,0.999999998,0.999999999,0.999999999,0.999999999,1,1,1,1,1,1,1,1,1,1
203,0.99999988,0.999999906,0.999999918,0.999999933,0.999999954,0.999999964,0.99999997,0.999999976,0.999999983,0.999999985,0.999999988,0.999999993,0.999999995,0.999999996,0.999999997,0.999999997,0.999999998,0.999999999,0.999999999,0.999999999,1,1,1,1,1,1,1,1,1,1,1
204,0.999999898,0.99999992,0.99999993,0.999999943,0.999999961,0.99999997,0.999999975,0.99999998,0.999999986,0.999999988,0.99999999,0.999999994,0.999999996,0.999999996,0.999999997,0.999999997,0.999999999,0.999999999,0.999999999,0.999999999,1,1,1,1,1,1,1,1,1,1,1
205,0.999999912,0.999999931,0.99999994,0.999999951,0.999999966,0.999999974,0.999999979,0.999999983,0.999999988,0.99999999,0.999999992,0.999999995,0.999999997,0.999999997,0.999999998,0.999999998,0.999999999,0.999999999,0.999999999,1,1,1,1,1,1,1,1,1,1,1,1
206,0.999999925,0.999999941,0.999999949,0.999999959,0.999999972,0.999999978,0.999999982,0.999999986,0.99999999,0.999999991,0.999999993,0.999999996,0.999999997,0.999999998,0.999999998,0.999999998,0.999999999,0.999999999,0.999999999,1,1,1,1,1,1,1,1,1,1,1,1
207,0.999999936,0.99999995,0.999999956,0.999999965,0.999999976,0.999999982,0.999999985,0.999999988,0.999999992,0.999999993,0.999999994,0.999999996,0.999999998,0.999999998,0.999999998,0.999999999,0.999999999,0.999999999,0.999999999,1,1,1,1,1,1,1,1,1,1,1,1
208,0.999999945,0.999999957,0.999999963,0.99999997,0.99999998,0.999999985,0.999999987,0.99999999,0.999999993,0.999999994,0.999999995,0.999999997,0.999999998,0.999999998,0.999999999,0.999999999,0.999999999,0.999999999,1,1,1,1,1,1,1,1,1,1,1,1,1
209,0.999999953,0.999999964,0.999999968,0.999999975,0.999999983,0.999999987,0.999999989,0.999999991,0.999999994,0.999999995,0.999999996,0.999999998,0.999999998,0.999999999,0.999999999,0.999999999,0.999999999,1,1,1,1,1,1,1,1,1,1,1,1,1,1
210,0.99999996,0.999999969,0.999999973,0.999999978,0.999999985,0.999999989,0.999999991,0.999999993,0.999999995,0.999999996,0.999999996,0.999999998,0.999999999,0.999999999,0.999999999,0.999999999,1,1,1,1,1,1,1,1,1,1,1,1,1,1,1
211,0.999999966,0.999999974,0.999999977,0.999999982,0.999999988,0.999999991,0.999999992,0.999999994,0.999999996,0.999999996,0.999999997,0.999999998,0.999999999,0.999999999,0.999999999,0.999999999,1,1,1,1,1,1,1,1,1,1,1,1,1,1,1
212,0.999999971,0.999999978,0.999999981,0.999999985,0.99999999,0.999999992,0.999999994,0.999999995,0.999999997,0.999999997,0.999999998,0.999999999,0.999999999,0.999999999,0.999999999,0.999999999,1,1,1,1,1,1,1,1,1,1,1,1,1,1,1
213,0.999999976,0.999999981,0.999999983,0.999999987,0.999999991,0.999999993,0.999999995,0.999999996,0.999999997,0.999999998,0.999999998,0.999999999,0.999999999,0.999999999,1,1,1,1,1,1,1,1,1,1,1,1,1,1,1,1,1
214,0.999999979,0.999999984,0.999999986,0.999999989,0.999999993,0.999999995,0.999999995,0.999999996,0.999999998,0.999999998,0.999999998,0.999999999,0.999999999,0.999999999,1,1,1,1,1,1,1,1,1,1,1,1,1,1,1,1,1
215,0.999999982,0.999999986,0.999999988,0.999999991,0.999999994,0.999999995,0.999999996,0.999999997,0.999999998,0.999999998,0.999999999,0.999999999,0.999999999,1,1,1,1,1,1,1,1,1,1,1,1,1,1,1,1,1,1
216,0.999999985,0.999999988,0.99999999,0.999999992,0.999999995,0.999999996,0.999999997,0.999999997,0.999999998,0.999999999,0.999999999,0.999999999,1,1,1,1,1,1,1,1,1,1,1,1,1,1,1,1,1,1,1
217,0.999999987,0.99999999,0.999999991,0.999999993,0.999999996,0.999999997,0.999999997,0.999999998,0.999999999,0.999999999,0.999999999,0.999999999,1,1,1,1,1,1,1,1,1,1,1,1,1,1,1,1,1,1,1
218,0.999999989,0.999999992,0.999999993,0.999999994,0.999999996,0.999999997,0.999999998,0.999999998,0.999999999,0.999999999,0.999999999,1,1,1,1,1,1,1,1,1,1,1,1,1,1,1,1,1,1,1,1
219,0.999999991,0.999999993,0.999999994,0.999999995,0.999999997,0.999999998,0.999999998,0.999999999,0.999999999,0.999999999,0.999999999,1,1,1,1,1,1,1,1,1,1,1,1,1,1,1,1,1,1,1,1
220,0.999999992,0.999999994,0.999999995,0.999999996,0.999999997,0.999999998,0.999999998,0.999999999,0.999999999,0.999999999,0.999999999,1,1,1,1,1,1,1,1,1,1,1,1,1,1,1,1,1,1,1,1
221,0.999999993,0.999999995,0.999999996,0.999999997,0.999999998,0.999999998,0.999999999,0.999999999,0.999999999,0.999999999,1,1,1,1,1,1,1,1,1,1,1,1,1,1,1,1,1,1,1,1,1
222,0.999999994,0.999999996,0.999999996,0.999999997,0.999999998,0.999999999,0.999999999,0.999999999,0.999999999,1,1,1,1,1,1,1,1,1,1,1,1,1,1,1,1,1,1,1,1,1,1