Design temperature <,40 deg C ambient temp,,,,,,,,,,,,,,,,,,,,,,,,,,,,,,,,,,,,,,,,,,,,,,,,,,,,,,,,,,,,,,,,,,,,,,,,,
Design life =~ ,10 years,,,,,,,,,,,,,,,,,,,,,,,,,,,,,,,,,,,,,,,,,,,,,,,,,,,,,,,,,,,,,,,,,,,,,,,,,
Equation= ,,,,,,,,,,,,,,,,,,,,,,,,,,,,,,,,,,,,,,,,,,,,,,,,,,,,,,,,,,,,,,,,,,,,,,,,,,
,20 deg,21 deg,22 deg,23 deg,24 deg,25 deg,26 deg,27 deg,28 deg,29 deg,30 deg,31 deg,32 deg,33 deg,34 deg,35 deg ,36 deg,37 deg,38 deg,39 deg,40 deg,41 deg,42 deg,43 deg,44 deg,45 deg,46 deg,47 deg,48 deg,49 deg,50 deg,,,,,,,,,,,,,,,,,,,,,,,,,,,,,,,,,,,,,,,,,,,
shape parameter = ,1.9317,1.9424,1.9441,1.9435,1.9416,1.9396,1.9618,1.9406,1.9396,1.9388,1.9603,1.95,1.9592,1.9617,1.9402,1.9478,1.947,1.95,1.9323,1.9613,1.9457,1.9301,1.9633,1.9444,1.938,1.9494,1.9587,1.9431,1.9459,1.9477,1.9498,,,,,,,,,,,,,,,,,,,,,,,,,,,,,,,,,,,,,,,,,,,
scale parameter = ,35.635,33.211,31.073,29.175,27.056,25.284,23.691,21.946,20.441,19.067,17.92,16.673,15.599,14.432,13.491,12.633,11.771,11.00,10.216,9.6279,8.9362,8.313,7.8263,7.2274,6.7414,6.3074,5.9047,5.5677,5.1127,4.7764,4.4526,,,,,,,,,,,,,,,,,,,,,,,,,,,,,,,,,,,,,,,,,,,
,,,,,,,,,,,,,,,,,,,,,,,,,,,,,,,,,,,,,,,,,,,,,,,,,,,,,,,,,,,,,,,,,,,,,,,,,,
Time/Age [years],20 deg,21 deg,22 deg,23 deg,24 deg,25 deg,26 deg,27 deg,28 deg,29 deg,30 deg,31 deg,32 deg,33 deg,34 deg,35 deg,36 deg,37 deg,38 deg,39 deg,40 deg,41 deg,42 deg,43 deg,44 deg,45 deg,46 deg,47 deg,48 deg,49 deg,50 deg,,,,,,,,,,,,,,,,,,,,,,,,,,,,,,,,,,,,,,,,,,,
0,0,0,0,0,0,0,0,0,0,0,0,0,0,0,0,0,0,0,0,0,0,0,0,0,0,0,0,0,0,0,0,,,,,,,,,,,,,0.001004665,0.001108718,0.001254254,0.001420505,0.001654845,0.001899449,0.002008657,0.00249129,0.002867653,0.003289072,0.003485968,0.004132134,0.004586559,0.005303895,0.00639875,0.007127436,0.008191088,0.009198951,0.011151511,0.011706981,0.01400499,0.016639375,0.01745271,0.021142831,0.02446331,0.027214107,0.030392747,0.034944303,0.040925605,0.046454443,0.052915261
1,0.001004665,0.001108718,0.001254254,0.001420505,0.001654845,0.001899449,0.002008657,0.00249129,0.002867653,0.003289072,0.003485968,0.004132134,0.004586559,0.005303895,0.00639875,0.007127436,0.008191088,0.009198951,0.011151511,0.011706981,0.01400499,0.016639375,0.01745271,0.021142831,0.02446331,0.027214107,0.030392747,0.034944303,0.040925605,0.046454443,0.052915261,,,,,,,,,,,,,0.002822761,0.003145866,0.003563471,0.004032256,0.004687006,0.00536722,0.005793294,0.007038142,0.008087991,0.009262141,0.010011214,0.011739158,0.013130308,0.015197779,0.017934963,0.020090391,0.023023936,0.025959259,0.030745785,0.033114882,0.038877424,0.045302226,0.048901591,0.057812366,0.066075245,0.07386596,0.082662557,0.092889794,0.107777828,0.121192148,0.136524808
2,0.003827426,0.004254584,0.004817725,0.005452761,0.006341852,0.007266669,0.007801951,0.009529432,0.010955644,0.012551212,0.013497182,0.015871291,0.017716867,0.020501674,0.024333713,0.027217827,0.031215025,0.03515821,0.041897295,0.044821863,0.052882414,0.061941601,0.066354301,0.078955197,0.090538555,0.101080067,0.113055305,0.127834098,0.148703433,0.167646591,0.18944007,,,,,,,,,,,,,0.004530021,0.005073422,0.005748617,0.0064989,0.007540516,0.008618515,0.009400732,0.011282307,0.012940783,0.014790474,0.016141939,0.018788218,0.021071248,0.024351291,0.028329125,0.031760059,0.036238547,0.040822895,0.0475406,0.051762734,0.059828991,0.068571086,0.074828611,0.086550755,0.097441197,0.108265249,0.120088348,0.131885645,0.149687349,0.164847988,0.181196201
3,0.008357447,0.009328005,0.010566342,0.011951661,0.013882368,0.015885183,0.017202684,0.020811739,0.023896427,0.027341686,0.029639121,0.034659509,0.038788115,0.044852965,0.052662838,0.058977887,0.067453572,0.075981105,0.089437896,0.096584596,0.112711405,0.130512687,0.141182912,0.165505953,0.187979751,0.209345316,0.233143653,0.259719743,0.298390783,0.332494579,0.370636271,,,,,,,,,,,,,0.006165876,0.006925599,0.007845346,0.008859496,0.010260048,0.011703755,0.012848041,0.015276563,0.017480838,0.019928761,0.021868008,0.025283214,0.028360106,0.032665797,0.03754375,0.042009262,0.047641322,0.05345501,0.061270754,0.066953785,0.07613703,0.085745234,0.093706472,0.105834594,0.116880551,0.128035323,0.139567116,0.149283462,0.163813939,0.174808348,0.185123555
4,0.014523323,0.016253605,0.018411688,0.020811156,0.024142416,0.027588938,0.030050725,0.036088302,0.041377266,0.047270447,0.051507129,0.059942723,0.067148221,0.077518762,0.090206589,0.100987149,0.115094894,0.129436115,0.15070865,0.163538382,0.188848435,0.216257921,0.234889384,0.271340546,0.304860303,0.337380639,0.372710769,0.409003205,0.462204722,0.507302927,0.555759826,,,,,,,,,,,,,0.007738487,0.0087075,0.009857498,0.011116898,0.012847079,0.014622583,0.016119037,0.019010021,0.021689897,0.024648823,0.027126783,0.031151173,0.034886107,0.039986522,0.045425848,0.050622337,0.056959863,0.063493261,0.071589586,0.078121818,0.087245161,0.096349698,0.104720017,0.115118903,0.12415027,0.133125702,0.141501548,0.146770152,0.153964536,0.157554619,0.158786178
5,0.02226181,0.024961105,0.028269186,0.031928055,0.036989494,0.042211521,0.046169761,0.055098323,0.063067163,0.07191927,0.078633912,0.091093896,0.102034328,0.117505284,0.135632437,0.151609486,0.172054757,0.192929376,0.222298235,0.2416602,0.276093596,0.312607619,0.339609402,0.386459449,0.429010573,0.470506341,0.514212318,0.555773357,0.616169258,0.664857545,0.714546004,,,,,,,,,,,,,0.009249057,0.010417832,0.011782053,0.013266335,0.015294267,0.017364648,0.019192019,0.022460867,0.025538434,0.028911549,0.031854142,0.036317691,0.04054721,0.046180598,0.051847255,0.057435302,0.064007758,0.070716566,0.078343648,0.085021713,0.093046111,0.100520351,0.108003214,0.115143341,0.120708411,0.125837995,0.129443183,0.129605616,0.128537736,0.124852516,0.118300627
6,0.031510867,0.035378936,0.040051239,0.045194389,0.052283761,0.059576169,0.06536178,0.07755919,0.088605596,0.100830819,0.110488055,0.127411587,0.142581538,0.163685882,0.187479692,0.209044787,0.236062515,0.263645943,0.300641884,0.326681913,0.369139707,0.41312797,0.447612615,0.50160279,0.549718984,0.596344336,0.643655501,0.685378974,0.744706994,0.789710061,0.832846632,,,,,,,,,,,,,0.010696184,0.012053027,0.013613679,0.015300604,0.017591727,0.019917057,0.022045098,0.025606129,0.02899716,0.032680371,0.035994925,0.040721897,0.045264949,0.051154121,0.05673147,0.062363184,0.068714968,0.07507449,0.081607157,0.08774731,0.093882039,0.098963714,0.104525306,0.107664533,0.109214605,0.109955726,0.108650062,0.104532284,0.096943458,0.088480251,0.07787946
7,0.042207051,0.047431963,0.053664918,0.060494994,0.069875489,0.079493226,0.087406877,0.103165319,0.117602756,0.13351119,0.146482979,0.168133484,0.187846487,0.214840003,0.244211162,0.271407972,0.304777484,0.338720433,0.38224904,0.414429223,0.463021746,0.512091684,0.552137921,0.609267323,0.65893359,0.706300061,0.752305563,0.789911257,0.841650452,0.878190312,0.910726092,,,,,,,,,,,,,0.012077372,0.01360868,0.015346323,0.017211919,0.019729252,0.022267029,0.024658228,0.028425209,0.032041199,0.035926152,0.039507059,0.044321998,0.048990026,0.054858195,0.060061105,0.065405933,0.071130556,0.076683046,0.081663619,0.086692113,0.090460694,0.09280253,0.095832451,0.095007782,0.092832463,0.089668433,0.084489213,0.07775398,0.066700836,0.056631923,0.045755423
8,0.054284423,0.061040644,0.069011241,0.077706913,0.089604741,0.101760255,0.112065105,0.131590529,0.149643955,0.169437342,0.185990039,0.212455483,0.236836513,0.269698198,0.304272267,0.336813905,0.375908039,0.415403479,0.46391266,0.501121336,0.553482439,0.604894214,0.647970372,0.704275104,0.751766053,0.795968494,0.836794776,0.867665237,0.908351287,0.934822235,0.956481514,,,,,,,,,,,,,0.013389699,0.015080201,0.016973938,0.018992745,0.021697338,0.024403116,0.027014215,0.030901512,0.034651981,0.038629333,0.042363442,0.047097435,0.051704141,0.057289896,0.061877181,0.066644147,0.071411478,0.07580187,0.078961861,0.082476355,0.083730133,0.083378117,0.083733405,0.079595636,0.074576398,0.068660093,0.061240108,0.053667567,0.042128255,0.032943938,0.02414407
9,0.067674122,0.076120844,0.085985179,0.096699657,0.111302079,0.126163371,0.13907932,0.162492041,0.184295936,0.208066675,0.228353481,0.259552918,0.288540654,0.326988094,0.366149449,0.403458051,0.447319517,0.491205348,0.54287452,0.583597691,0.637212572,0.688272331,0.731703777,0.783870741,0.82634245,0.864628587,0.898034884,0.921332804,0.950479542,0.967766173,0.980625584,,,,,,,,,,,,,0.014630171,0.016463156,0.018490877,0.020636258,0.023487737,0.026315852,0.029099279,0.033023268,0.036818135,0.040780815,0.044552578,0.049049179,0.053419476,0.058489893,0.06227355,0.066228355,0.069802671,0.072799898,0.074059354,0.075857274,0.074741263,0.07205578,0.070002825,0.063563839,0.056852447,0.04956654,0.041545035,0.03451723,0.024529566,0.017492736,0.01149268
10,0.082304293,0.092584,0.104476055,0.117335915,0.134789816,0.152479223,0.1681786,0.195515309,0.221114071,0.24884749,0.272906059,0.308602097,0.341960129,0.385477987,0.428422999,0.469686406,0.517122188,0.564005246,0.616933874,0.659454965,0.711953835,0.760328111,0.801706602,0.847434579,0.883194897,0.914195127,0.939579919,0.955850035,0.975009108,0.985258909,0.992118264,,,,,,,,,,,,,0.015795919,0.017753477,0.019892122,0.022136607,0.025093764,0.027998111,0.030903373,0.034783916,0.038535808,0.042382105,0.046078381,0.050198776,0.054176503,0.058537587,0.061388108,0.064364117,0.066612077,0.068115313,0.067562494,0.067637636,0.064521562,0.060065772,0.056154844,0.048524593,0.041247714,0.033834249,0.026455746,0.020749006,0.013207058,0.008504606,0.004950434
11,0.098100212,0.110337477,0.124368177,0.139472522,0.15988358,0.180477333,0.199081973,0.230299225,0.259649879,0.291229595,0.31898444,0.358800873,0.396136633,0.444015574,0.489811107,0.534050523,0.583734265,0.632120559,0.684496368,0.727092601,0.776475398,0.820393883,0.857861446,0.895959173,0.924442611,0.948029376,0.966035664,0.976599041,0.988216167,0.993763515,0.997068698,,,,,,,,,,,,,0.01688433,0.018947584,0.021173426,0.023489078,0.026510489,0.029445297,0.032420328,0.036182202,0.039808604,0.043444929,0.046959314,0.05058646,0.054040504,0.057544465,0.059392054,0.061294883,0.062183785,0.06221487,0.060071437,0.058584819,0.053976335,0.048397759,0.043312387,0.035486322,0.028542102,0.021884931,0.015848135,0.011683375,0.006590442,0.00379468,0.00193422
12,0.114984543,0.129285062,0.145541603,0.1629616,0.186394069,0.209922631,0.2315023,0.266481428,0.299458483,0.334674524,0.365943755,0.409387333,0.450177137,0.501560039,0.549203161,0.595345406,0.64591805,0.694335429,0.744567806,0.785677421,0.830451733,0.868791642,0.901173833,0.931445495,0.952984713,0.969914308,0.981883799,0.988282416,0.994806608,0.997558195,0.999002918,,,,,,,,,,,,,0.017893125,0.020042473,0.022331404,0.024690187,0.02773482,0.030655422,0.033647878,0.037222078,0.040647241,0.043990478,0.047227014,0.050268575,0.053097183,0.055646329,0.056478268,0.057284311,0.056871997,0.055556846,0.052134976,0.049368908,0.043825805,0.037752742,0.032171477,0.024900429,0.018867837,0.013436062,0.008945655,0.006173041,0.003053395,0.001556698,0.000686767
13,0.132877667,0.149327535,0.167873007,0.187651787,0.214128889,0.240578053,0.265150178,0.303703505,0.340105724,0.378665002,0.413170769,0.459655907,0.50327432,0.557206368,0.605681429,0.652629718,0.702790047,0.749892275,0.796702782,0.835046329,0.874277538,0.906544384,0.93334531,0.956345923,0.97185255,0.983350369,0.990829454,0.994455457,0.997860003,0.999114892,0.999689686,,,,,,,,,,,,,0.018820411,0.021035763,0.023363588,0.025737732,0.028765547,0.031629089,0.034587575,0.037912433,0.041068999,0.044048355,0.046924525,0.049314531,0.051447715,0.052995004,0.052849744,0.052599512,0.051018023,0.048560724,0.044218572,0.040523813,0.034578762,0.028545219,0.023040588,0.016786024,0.011930846,0.007839733,0.004764162,0.003064675,0.001315291,0.000587985,0.000221919
14,0.151698079,0.170363298,0.191236595,0.213389519,0.242894436,0.272207142,0.299737753,0.341615939,0.381174723,0.422713357,0.460095294,0.508970438,0.554722035,0.610201371,0.658531173,0.70522923,0.75380807,0.798452999,0.840921353,0.875570142,0.9088563,0.935089603,0.956385898,0.973131947,0.983783396,0.991190103,0.995593615,0.997520132,0.999175294,0.999702878,0.999911605,,,,,,,,,,,,,0.019664722,0.021925731,0.024268451,0.02663081,0.029603314,0.032369426,0.035244618,0.038266716,0.041096989,0.043655321,0.046104246,0.04780349,0.049203558,0.049750117,0.048708876,0.047496388,0.044931805,0.041585418,0.036686392,0.032431343,0.026537514,0.020941595,0.015925795,0.010882377,0.007224151,0.004351983,0.002396376,0.00143122,0.000527385,0.000204725,6.53408E-05
15,0.171362801,0.192289029,0.215505046,0.240020329,0.27249775,0.304576568,0.334982371,0.379882655,0.422271712,0.466368679,0.506199541,0.556773928,0.603925593,0.659951488,0.707240049,0.752725618,0.798739875,0.840038417,0.877607745,0.908001485,0.935393814,0.956031198,0.972311692,0.984014325,0.991007547,0.995542085,0.997989991,0.998951353,0.999702679,0.999907603,0.999976946,,,,,,,,,,,,,0.020425033,0.022711329,0.025045414,0.027369798,0.03025057,0.032881948,0.035627607,0.038302444,0.040759316,0.042853903,0.04482572,0.045820959,0.046481333,0.046071424,0.044248195,0.042207859,0.038878814,0.034916563,0.029796344,0.025324923,0.019825393,0.014918618,0.010632497,0.006790382,0.004192193,0.002300394,0.001139434,0.000629309,0.000197021,6.57723E-05,1.75475E-05
16,0.191787834,0.215000358,0.240550461,0.267390126,0.302748319,0.337458516,0.370609978,0.418185099,0.463031028,0.509222581,0.55102526,0.602594886,0.650406925,0.706022912,0.751488244,0.794933477,0.837618689,0.87495498,0.90740409,0.933326408,0.955219207,0.970949816,0.98294419,0.990804707,0.995199739,0.99784248,0.999129425,0.999580662,0.9998997,0.999973376,0.999994493,,,,,,,,,,,,,0.021100772,0.023392183,0.025694838,0.027956325,0.030711475,0.03317439,0.035748241,0.038040651,0.04008815,0.041690927,0.043153352,0.043455473,0.043398025,0.042112085,0.039642965,0.036935404,0.033072467,0.02876232,0.023705723,0.019307736,0.014426946,0.010327169,0.006860844,0.004080919,0.002333166,0.001158663,0.000512506,0.000260731,6.86317E-05,1.95137E-05,4.30185E-06
17,0.212888606,0.238392541,0.266245299,0.295346452,0.333459795,0.370632905,0.406358219,0.45622575,0.503119178,0.550913508,0.594178613,0.64605036,0.693804951,0.748134997,0.79113121,0.831868882,0.870691156,0.9037173,0.931109813,0.952634144,0.969646153,0.981276985,0.989805034,0.994885625,0.997532905,0.999001143,0.999641931,0.999841394,0.999968332,0.999992889,0.999998795,,,,,,,,,,,,,0.021691827,0.023968588,0.026217993,0.028393215,0.030991791,0.033256494,0.035620956,0.037505284,0.039118763,0.040216049,0.041154178,0.040795502,0.040066727,0.038013159,0.035045843,0.031843997,0.027671679,0.023256312,0.018484398,0.014379394,0.010231813,0.006950454,0.004281178,0.002363562,0.00124613,0.000556436,0.000218195,0.000101854,2.23079E-05,5.35016E-06,9.63439E-07
18,0.234580434,0.262361129,0.292463292,0.323739666,0.364451585,0.403889399,0.441979176,0.493731034,0.542237941,0.591129557,0.635332791,0.686845862,0.733871678,0.786148156,0.826177052,0.863712879,0.898362835,0.926973612,0.949594211,0.967013538,0.979877967,0.988227439,0.994086212,0.997249187,0.998779035,0.999557578,0.999860126,0.999943248,0.99999064,0.999998239,0.999999758,,,,,,,,,,,,,0.022198535,0.02444149,0.026617026,0.028684411,0.031098734,0.03313978,0.035262543,0.03672257,0.03788855,0.03848032,0.038895745,0.037926688,0.036593065,0.03389948,0.030583621,0.027060208,0.022782727,0.018465867,0.014132331,0.010465652,0.00707547,0.004550233,0.00258459,0.001319886,0.000639029,0.000254918,8.79739E-05,3.75378E-05,6.7698E-06,1.35642E-06,1.97241E-07
19,0.256778969,0.286802619,0.319080318,0.352424077,0.39555032,0.437029179,0.477241718,0.530453605,0.580126491,0.629609877,0.674228536,0.72477255,0.770464742,0.820047636,0.856760673,0.890773087,0.921145561,0.945439479,0.963726542,0.97747919,0.986953437,0.992777672,0.996670803,0.998569074,0.999418065,0.999812496,0.9999481,0.999980785,0.999997409,0.999999596,0.999999956,,,,,,,,,,,,,0.022621676,0.024812463,0.026894907,0.028834896,0.031040829,0.032837286,0.034691724,0.035720376,0.03643608,0.036534846,0.036444193,0.034929516,0.033072407,0.029876943,0.026355923,0.022673034,0.018464414,0.014403566,0.010598523,0.00744682,0.004772577,0.002898834,0.001510196,0.000710972,0.000314785,0.000111458,3.3606E-05,1.30581E-05,1.91911E-06,3.18166E-07,3.69334E-08
20,0.279400645,0.311615082,0.345975225,0.381258973,0.426591149,0.469866465,0.511933442,0.56617398,0.61656257,0.666144722,0.710672729,0.759702067,0.803537149,0.849924578,0.883116596,0.913446121,0.939609975,0.959843045,0.974325065,0.98492601,0.991726014,0.995676506,0.998180999,0.999280046,0.99973285,0.999923954,0.999981706,0.999993843,0.999999329,0.999999914,0.999999993,,,,,,,,,,,,,0.022962454,0.025083672,0.027055376,0.028850596,0.030827736,0.032363306,0.033928731,0.034527579,0.034800193,0.034429572,0.033862584,0.031877453,0.029587894,0.026031158,0.022435588,0.018736875,0.014735373,0.011040253,0.007799092,0.005181959,0.003141183,0.001797792,0.00085435,0.000369553,0.00014901,4.65281E-05,1.21676E-05,4.28943E-06,5.08427E-07,6.90803E-08,6.32857E-09
21,0.302363099,0.336698754,0.3730306,0.410109569,0.457418885,0.502229771,0.545862173,0.600701559,0.651362763,0.700574294,0.744535313,0.791579519,0.833125043,0.875955736,0.905552185,0.932182996,0.954345348,0.970883297,0.982124157,0.99010797,0.994867197,0.997474298,0.999035349,0.999649599,0.99988186,0.999970482,0.999993874,0.999998133,0.999999837,0.999999983,0.999999999,,,,,,,,,,,,,0.023222482,0.025257844,0.027102875,0.028738273,0.030470075,0.031733113,0.032994873,0.033173464,0.033019168,0.03221222,0.031209518,0.028835584,0.026209265,0.022427314,0.01887043,0.015276004,0.011582454,0.008317939,0.005632948,0.003527419,0.002017926,0.001085727,0.000468088,0.000185419,6.78075E-05,1.85509E-05,4.17703E-06,1.33107E-06,1.25934E-07,1.38893E-08,9.92773E-10
22,0.325585581,0.361956598,0.400133475,0.438847842,0.48788896,0.533962884,0.578857046,0.633875023,0.684381931,0.732786514,0.775744831,0.820415103,0.859334308,0.89838305,0.924422615,0.947459,0.965927802,0.979201237,0.987757105,0.993635389,0.996885124,0.998560025,0.999503436,0.999835018,0.999949668,0.999989033,0.999998051,0.999999464,0.999999963,0.999999997,1,,,,,,,,,,,,,0.023403756,0.025338218,0.02704248,0.028505415,0.029979244,0.030962692,0.031912117,0.03168716,0.031129989,0.029927404,0.028538057,0.025859744,0.022992432,0.019111073,0.015685985,0.012289913,0.008969271,0.006161469,0.003994212,0.00234945,0.001265618,0.000638688,0.00024844,8.98272E-05,2.96712E-05,7.06638E-06,1.35999E-06,3.90333E-07,2.91743E-08,2.58704E-09,1.42635E-10
23,0.348989337,0.387294816,0.427175955,0.467353257,0.517868204,0.564925577,0.610769162,0.665562183,0.71551192,0.762713919,0.804282888,0.846274848,0.88232674,0.917494122,0.9401086,0.959748913,0.974897074,0.985362706,0.991751317,0.995984839,0.998150741,0.999198714,0.999751876,0.999924845,0.999979339,0.9999961,0.999999411,0.999999854,0.999999992,0.999999999,1,,,,,,,,,,,,,0.023508628,0.025328505,0.026879825,0.028160124,0.029367234,0.030068467,0.030702682,0.030097124,0.029167703,0.027615927,0.02589496,0.022996104,0.019979695,0.016110252,0.0128889,0.009758958,0.006844186,0.004488243,0.002781176,0.001531494,0.00077515,0.000366062,0.000127767,4.20294E-05,1.24885E-05,2.57235E-06,4.20082E-07,1.08203E-07,6.32338E-09,4.46551E-10,1.87756E-11
24,0.372497965,0.412623321,0.45405578,0.495513381,0.547235438,0.594994044,0.641471844,0.695659307,0.744679623,0.790329845,0.830177847,0.869270951,0.902306435,0.933604374,0.9529975,0.969507871,0.98174126,0.989850949,0.994532493,0.997516333,0.998925892,0.999564775,0.999879642,0.999966875,0.999991827,0.999998672,0.999999831,0.999999962,0.999999998,1,1,,,,,,,,,,,,,0.023539779,0.025232835,0.026621025,0.027710995,0.028646451,0.029067049,0.029388664,0.028430696,0.027164901,0.025314264,0.023320223,0.020281172,0.017200505,0.013437063,0.010470617,0.007649844,0.005147249,0.003215683,0.001902021,0.000977208,0.000463709,0.000204463,6.36804E-05,1.89973E-05,5.05726E-06,8.95102E-07,1.2313E-07,2.83621E-08,1.28268E-09,7.14536E-11,2.26519E-12
25,0.396037744,0.437856157,0.480676806,0.523224376,0.575881889,0.624061093,0.670860508,0.724090003,0.771844524,0.815644109,0.85349807,0.889552123,0.919506941,0.947041437,0.963468118,0.977157715,0.986888509,0.993066632,0.996434513,0.998493541,0.999389601,0.999769239,0.999943323,0.999985872,0.999996885,0.999999567,0.999999954,0.999999991,1,1,1,,,,,,,,,,,,,0.02350019,0.025055708,0.026272593,0.027167003,0.027829539,0.027974995,0.027991691,0.026713702,0.025151308,0.023054234,0.020846897,0.017742155,0.014672631,0.011090672,0.008411061,0.00592061,0.003815831,0.002266458,0.001277821,0.000610459,0.000270996,0.000111317,3.07657E-05,8.29694E-06,1.97082E-06,2.978E-07,3.42553E-08,7.03149E-09,2.43575E-10,1.0602E-11,2.50577E-13
26,0.419537934,0.462911865,0.506949399,0.550391379,0.603711428,0.652036087,0.698852199,0.750803704,0.796995831,0.838698344,0.874344967,0.907294278,0.934179572,0.958132109,0.971879178,0.983078325,0.99070434,0.995333089,0.997712335,0.999104,0.999660596,0.999880555,0.999974088,0.999994169,0.999998855,0.999999865,0.999999988,0.999999998,1,1,1,,,,,,,,,,,,,0.023393107,0.024801941,0.025841363,0.026537382,0.02692921,0.026808582,0.026532612,0.024970144,0.023153489,0.020862838,0.018501158,0.015397592,0.012403609,0.009059878,0.006682111,0.00452489,0.00278887,0.001571681,0.000843459,0.000373413,0.000154742,5.90842E-05,1.44103E-05,3.50198E-06,7.39264E-07,9.47497E-08,9.04715E-09,1.64919E-09,4.33115E-11,1.45917E-12,2.54241E-14
27,0.44293104,0.487713806,0.532790762,0.576928761,0.630640638,0.678844669,0.725384812,0.775773849,0.820149321,0.859561181,0.892846125,0.92269187,0.946583181,0.967191986,0.97856129,0.987603215,0.993493211,0.99690477,0.998555794,0.999477413,0.999815339,0.99993964,0.999988499,0.999997671,0.999999595,0.99999996,0.999999997,1,1,1,1,,,,,,,,,,,,,0.023222007,0.024476612,0.025334408,0.02583152,0.025958089,0.025583611,0.025031232,0.023221953,0.021194669,0.018762247,0.016302589,0.01325821,0.010392357,0.007325733,0.005250701,0.003415339,0.002009791,0.001072463,0.000547094,0.00022369,8.63482E-05,3.05788E-05,6.54467E-06,1.42875E-06,2.66966E-07,2.88346E-08,2.26881E-09,3.66021E-10,7.21323E-12,1.86295E-13,2.33147E-15
28,0.466153048,0.512190418,0.55812517,0.602760281,0.656598727,0.70442828,0.750416044,0.798995802,0.84134399,0.878323429,0.909148715,0.935950081,0.956975538,0.974517719,0.983811991,0.991018554,0.995503002,0.997977234,0.999102888,0.999701103,0.999901687,0.999970218,0.999995043,0.9999991,0.999999862,0.999999988,0.999999999,1,1,1,1,,,,,,,,,,,,,0.02299057,0.024085008,0.024758963,0.025058845,0.024928566,0.024315227,0.02350609,0.021488808,0.019294648,0.016769938,0.014264632,0.011327912,0.008630845,0.005863974,0.004081431,0.002546216,0.001428267,0.000720203,0.000348756,0.000131245,4.70928E-05,1.5434E-05,2.88253E-06,5.63527E-07,9.28313E-08,8.39479E-09,5.40335E-10,7.68854E-11,1.12532E-12,2.20934E-14,0
29,0.489143618,0.536275426,0.582884134,0.627819126,0.681527294,0.728743507,0.773922134,0.82048461,0.860638638,0.895093367,0.923413347,0.947277993,0.965606383,0.980381693,0.987893422,0.99356477,0.996931269,0.998697437,0.999451644,0.999832348,0.99994878,0.999985652,0.999997926,0.999999663,0.999999954,0.999999997,1,1,1,1,1,,,,,,,,,,,,,0.022702637,0.023632575,0.024122348,0.024228731,0.023852668,0.023017768,0.021974278,0.019788028,0.017469818,0.01489893,0.01239517,0.009604846,0.00710573,0.004647171,0.003138666,0.001875162,0.001001042,0.000476025,0.000218524,7.54306E-05,2.51055E-05,7.59809E-06,1.23136E-06,2.1491E-07,3.10876E-08,2.3385E-09,1.22229E-10,1.52887E-11,1.64535E-13,2.44249E-15,0
30,0.511846254,0.559908001,0.607006482,0.652047857,0.705379961,0.751761274,0.795896411,0.840272639,0.878108456,0.909992297,0.935808517,0.956882839,0.972712113,0.985028864,0.991032088,0.995439932,0.997932311,0.999173462,0.999670168,0.999907779,0.999973885,0.99999325,0.999999157,0.999999878,0.999999986,0.999999999,1,1,1,1,1,,,,,,,,,,,,,0.022362182,0.023124859,0.023431895,0.023350398,0.022741937,0.021704638,0.020451308,0.018134526,0.015733254,0.013158114,0.010697198,0.008082492,0.00579988,0.003646533,0.002388128,0.001364291,0.000692026,0.000309708,0.000134599,4.24704E-05,1.30842E-05,3.64888E-06,5.10235E-07,7.9258E-08,1.00277E-08,6.23391E-10,2.62664E-11,2.87836E-12,2.25375E-14,0,0
31,0.534208436,0.58303286,0.630438377,0.675398255,0.728121899,0.773465912,0.816347719,0.858407164,0.89384171,0.923150411,0.946505715,0.964965331,0.978511993,0.988675398,0.993420216,0.996804223,0.998624337,0.99948317,0.999804767,0.999950249,0.99998697,0.999996899,0.999999668,0.999999957,0.999999996,1,1,1,1,1,1,,,,,,,,,,,,,0.021973274,0.022567461,0.022694882,0.022432831,0.021607337,0.02038821,0.018951024,0.016540814,0.014094881,0.011552654,0.009169537,0.006750715,0.004693745,0.002833365,0.001797995,0.000980705,0.000471912,0.000198364,8.15069E-05,2.34283E-05,6.66714E-06,1.7096E-06,2.05106E-07,2.82702E-08,3.116E-09,1.59053E-10,5.36282E-12,5.13256E-13,2.88658E-15,0,0
32,0.556181711,0.605600321,0.653133259,0.697831086,0.749729236,0.793854123,0.835298744,0.874947979,0.907936591,0.934703065,0.955675252,0.971716046,0.983205738,0.991508763,0.995218211,0.997784928,0.999096249,0.999681534,0.999886274,0.999973678,0.999993637,0.999998609,0.999999873,0.999999985,0.999999999,1,1,1,1,1,1,,,,,,,,,,,,,0.02154005,0.021965988,0.021918467,0.0214847,0.020459162,0.019079751,0.017485549,0.015017067,0.012561688,0.010084421,0.00780757,0.005596753,0.00376654,0.002180161,0.001339593,0.000696577,0.000317472,0.000125083,4.85291E-05,1.26634E-05,3.3219E-06,7.81563E-07,7.9993E-08,9.75366E-09,9.32903E-10,3.88456E-11,1.04039E-12,8.65974E-14,0,0,0
33,0.577721761,0.627566308,0.675051726,0.719315786,0.770188398,0.812933874,0.852784293,0.889965046,0.92049828,0.944787485,0.963482822,0.977312798,0.986972278,0.993688924,0.996557805,0.998481506,0.999413721,0.999806617,0.999934803,0.999986341,0.999996959,0.999999391,0.999999953,0.999999995,1,1,1,1,1,1,1,,,,,,,,,,,,,0.021066676,0.021326006,0.021109632,0.020514296,0.019306974,0.017789371,0.016065272,0.01357122,0.011137988,0.008752462,0.006603954,0.004606106,0.002997215,0.001661378,0.000987743,0.000488914,0.000210712,7.76592E-05,2.84121E-05,6.70733E-06,1.61856E-06,3.48667E-07,3.02713E-08,3.25543E-09,2.69137E-10,9.08262E-12,1.91847E-13,1.38778E-14,0,0,0
34,0.598788437,0.648892314,0.696161358,0.739830081,0.789495372,0.830723245,0.868849564,0.903536266,0.931636267,0.953539947,0.970086776,0.981918905,0.989969493,0.995350302,0.997545548,0.998970419,0.999624433,0.999884276,0.999963215,0.999993048,0.999998577,0.999999739,0.999999983,0.999999998,1,1,1,1,1,1,1,,,,,,,,,,,,,0.020557322,0.020652999,0.020275129,0.01952947,0.018159548,0.016526,0.014698874,0.012209105,0.009825705,0.007553465,0.005549298,0.003763314,0.002365225,0.001253919,0.000720828,0.000339123,0.000137988,4.74766E-05,1.63581E-05,3.48155E-06,7.71273E-07,1.51803E-07,1.11161E-08,1.05123E-09,7.48273E-11,2.03326E-12,3.36398E-14,2.10942E-15,0,0,0
35,0.619345759,0.669545313,0.716436487,0.759359552,0.80765492,0.847249245,0.883548438,0.915745371,0.941461972,0.961093412,0.975636074,0.985682219,0.992334718,0.996604222,0.998266376,0.999309543,0.999762421,0.999931753,0.999979573,0.99999653,0.999999349,0.999999891,0.999999994,1,1,1,1,1,1,1,1,,,,,,,,,,,,,0.02001613,0.01995233,0.019421436,0.01853759,0.017024838,0.015297382,0.013393378,0.010934616,0.00862468,0.006482214,0.004632785,0.003052607,0.001851108,0.000937385,0.000520672,0.000232474,8.91655E-05,2.85817E-05,9.26252E-06,1.77113E-06,3.59465E-07,6.45085E-08,3.9614E-09,3.28455E-10,2.00514E-11,4.35874E-13,5.66214E-15,0,0,0,0
36,0.639361889,0.689497643,0.735857923,0.777897142,0.824679758,0.862546627,0.896941817,0.926679987,0.950086652,0.967575626,0.980268859,0.988734825,0.994185826,0.997541606,0.998787047,0.999542017,0.999851587,0.999960334,0.999988835,0.999998301,0.999999708,0.999999955,0.999999998,1,1,1,1,1,1,1,1,,,,,,,,,,,,,0.019447191,0.019229204,0.018554712,0.017545498,0.015909955,0.014110091,0.012154228,0.009749893,0.00753298,0.00553203,0.003842718,0.002458432,0.001436874,0.000694123,0.000372278,0.00015751,5.68564E-05,1.69451E-05,5.15847E-06,8.83099E-07,1.63874E-07,2.67581E-08,1.37012E-09,9.9309E-11,5.17941E-12,8.9484E-14,8.88178E-16,0,0,0,0
37,0.65880908,0.708726847,0.754412635,0.795442639,0.840589713,0.876656718,0.909096044,0.93642988,0.957619631,0.973107656,0.984111577,0.991193258,0.9956227,0.998235729,0.999159325,0.999699527,0.999908443,0.999977279,0.999993994,0.999999184,0.999999872,0.999999982,0.999999999,1,1,1,1,1,1,1,1,,,,,,,,,,,,,0.018854514,0.018488636,0.01768077,0.016559481,0.01482116,0.012969566,0.010985383,0.008655515,0.006547201,0.004695163,0.003166999,0.001965868,0.001106254,0.000509153,0.000263491,0.000105483,3.5778E-05,9.89411E-06,2.82579E-06,4.31597E-07,7.30799E-08,1.08352E-08,4.59945E-10,2.90584E-11,1.28964E-12,1.76525E-14,0,0,0,0,0
38,0.677663594,0.727215483,0.772093405,0.812002121,0.855410874,0.889626285,0.920081428,0.945085395,0.964166833,0.977802819,0.987278576,0.993159126,0.996728955,0.998744882,0.999422816,0.99980501,0.999944221,0.999987174,0.99999682,0.999999616,0.999999945,0.999999993,1,1,1,1,1,1,1,1,1,,,,,,,,,,,,,0.018242007,0.017735427,0.016805042,0.015585258,0.013763871,0.011880155,0.009889439,0.007650705,0.005662769,0.003963157,0.002593519,0.001560915,0.000844813,0.000369975,0.000184621,6.98271E-05,2.22193E-05,5.68995E-06,1.5227E-06,2.06768E-07,3.18824E-08,4.28342E-09,1.49873E-10,8.22942E-12,3.09641E-13,3.33067E-15,0,0,0,0,0
39,0.695905601,0.74495091,0.788898447,0.827587378,0.869174745,0.90150644,0.929970867,0.9527361,0.969829602,0.981765976,0.989872095,0.99472004,0.997573768,0.999114857,0.999607437,0.999874837,0.99996644,0.999992864,0.999998342,0.999999822,0.999999977,0.999999997,1,1,1,1,1,1,1,1,1,,,,,,,,,,,,,0.017613457,0.016974135,0.015932565,0.014627962,0.012742677,0.010845175,0.008867749,0.00673353,0.004874207,0.003327168,0.002110478,0.001230698,0.000639962,0.000266336,0.000128067,4.56931E-05,1.36189E-05,3.22302E-06,8.07181E-07,9.71061E-08,1.36081E-08,1.65331E-09,4.74066E-11,2.25575E-12,7.17204E-14,0,0,0,0,0,0
40,0.713519058,0.761925045,0.804831012,0.84221534,0.881917423,0.912351615,0.938838616,0.95946963,0.974703809,0.985093144,0.991982573,0.995950738,0.99821373,0.999381193,0.999735504,0.99992053,0.999980059,0.999996087,0.999999149,0.99999992,0.99999999,0.999999999,1,1,1,1,1,1,1,1,1,,,,,,,,,,,,,0.016972508,0.016209056,0.01506796,0.013692141,0.011761369,0.009866986,0.007920561,0.005901104,0.004175397,0.002778229,0.001706627,0.000963582,0.000480898,0.000189948,8.79531E-05,2.95586E-05,8.23909E-06,1.79829E-06,4.20955E-07,4.47086E-08,5.68285E-09,6.23104E-10,1.45572E-11,5.98632E-13,1.59872E-14,0,0,0,0,0,0
41,0.730491566,0.778134101,0.819898972,0.855907481,0.893678791,0.922218601,0.946759176,0.965370733,0.978879206,0.987871373,0.9936892,0.99691432,0.998694628,0.999571141,0.999823457,0.999950089,0.999988298,0.999997885,0.99999957,0.999999964,0.999999996,1,1,1,1,1,1,1,1,1,1,,,,,,,,,,,,,0.016322646,0.01544421,0.014215426,0.012781762,0.01082297,0.008947063,0.007047152,0.005149771,0.0035598,0.002307475,0.001371445,0.000749216,0.000358488,0.000134217,5.98059E-05,1.89035E-05,4.9199E-06,9.88376E-07,2.15989E-07,2.01807E-08,2.32209E-09,2.29317E-10,4.33975E-12,1.53766E-13,3.44169E-15,0,0,0,0,0,0
42,0.746814212,0.793578311,0.834114398,0.868689244,0.904501761,0.931165665,0.953806329,0.970520504,0.982439006,0.990178849,0.995060645,0.997663536,0.999053116,0.999705359,0.999883263,0.999968992,0.999993218,0.999998873,0.999999786,0.999999984,0.999999998,1,1,1,1,1,1,1,1,1,1,,,,,,,,,,,,,0.015667185,0.014683327,0.013378731,0.011900224,0.009929786,0.008086083,0.006245973,0.004475287,0.003020662,0.001906324,0.001095254,0.000578525,0.000265114,9.39646E-05,4.02655E-05,1.19521E-05,2.89997E-06,5.3514E-07,1.0904E-07,8.93112E-09,9.28456E-10,8.24163E-11,1.256E-12,3.81917E-14,0,0,0,0,0,0,0
43,0.762481397,0.808261639,0.847493128,0.880589467,0.914431547,0.939251747,0.960052301,0.974995791,0.985459668,0.992085173,0.996155899,0.998242061,0.99931823,0.999799323,0.999923529,0.999980944,0.999996118,0.999999408,0.999999895,0.999999993,0.999999999,1,1,1,1,1,1,1,1,1,1,,,,,,,,,,,,,0.015009258,0.013929839,0.012561218,0.01105037,0.009083445,0.007284005,0.005514775,0.003872983,0.002551179,0.001566611,0.000869283,0.000443658,0.00019451,6.51803E-05,2.68432E-05,7.47149E-06,1.68736E-06,2.85439E-07,5.41643E-08,3.87539E-09,3.63276E-10,2.8928E-11,3.53051E-13,9.21485E-15,0,0,0,0,0,0,0
44,0.777490655,0.822191477,0.860054347,0.891639837,0.923514992,0.946535753,0.965567076,0.978868774,0.988010847,0.993651784,0.997025182,0.998685718,0.999512739,0.999864504,0.999950372,0.999988416,0.999997805,0.999999694,0.99999995,0.999999997,1,1,1,1,1,1,1,1,1,1,1,,,,,,,,,,,,,0.014351802,0.013186872,0.011765809,0.010234516,0.00828496,0.006540165,0.004850746,0.003337907,0.002144642,0.001280689,0.000685694,0.000337908,0.000141585,4.48002E-05,1.772E-05,4.61792E-06,9.69214E-07,1.49995E-07,2.64752E-08,1.64886E-09,1.391E-10,9.91685E-12,9.62563E-14,2.10942E-15,0,0,0,0,0,0,0
45,0.791842456,0.835378349,0.871820155,0.901874353,0.931799952,0.953075918,0.970417822,0.982206681,0.990155489,0.994932473,0.997710876,0.999023627,0.999654324,0.999909304,0.999968092,0.999993034,0.999998775,0.999999844,0.999999976,0.999999999,1,1,1,1,1,1,1,1,1,1,1,,,,,,,,,,,,,0.013697555,0.012457248,0.010995011,0.009454475,0.007534774,0.005853354,0.00425063,0.002864962,0.001794551,0.001041493,0.000537569,0.000255615,0.000102251,3.05117E-05,1.15834E-05,2.82213E-06,5.49594E-07,7.76565E-08,1.27346E-08,6.87906E-10,5.21254E-11,3.32057E-12,2.55351E-14,0,0,0,0,0,0,0,0
46,0.805540011,0.847835598,0.882815166,0.911328828,0.939334726,0.958929272,0.974668452,0.985071643,0.99195004,0.995973966,0.998248445,0.999279242,0.999756575,0.999939816,0.999979675,0.999995856,0.999999324,0.999999921,0.999999989,1,1,1,1,1,1,1,1,1,1,1,1,,,,,,,,,,,,,0.01304905,0.011743484,0.010250933,0.008711588,0.006832828,0.005221906,0.003710844,0.002449009,0.001494705,0.00084258,0.000418875,0.000192055,7.32673E-05,2.05916E-05,7.49841E-06,1.70536E-06,3.07674E-07,3.96121E-08,6.0279E-09,2.81427E-10,1.91174E-11,1.08602E-12,6.66134E-15,0,0,0,0,0,0,0,0
47,0.818589061,0.859579082,0.893066098,0.920040416,0.946167554,0.964151177,0.978379296,0.987520652,0.993444744,0.996816546,0.99866732,0.999471297,0.999829842,0.999960407,0.999987174,0.999997561,0.999999632,0.999999961,0.999999995,1,1,1,1,1,1,1,1,1,1,1,1,,,,,,,,,,,,,0.012408611,0.011047796,0.0095353,0.008006755,0.006178612,0.004643778,0.003227574,0.002084967,0.001239265,0.00067814,0.000324408,0.000143326,5.20899E-05,1.37709E-05,4.80698E-06,1.019E-06,1.70052E-07,1.99087E-08,2.80804E-09,1.12905E-10,6.86251E-12,3.47056E-13,1.55431E-15,0,0,0,0,0,0,0,0
48,0.830997672,0.870626878,0.902601399,0.928047171,0.952346166,0.968794955,0.98160687,0.989605619,0.99468401,0.997494686,0.998991728,0.999614622,0.999881932,0.999974178,0.999991981,0.99999858,0.999999802,0.999999981,0.999999998,1,1,1,1,1,1,1,1,1,1,1,1,,,,,,,,,,,,,0.011778354,0.010372106,0.008849475,0.007340474,0.005571225,0.004116625,0.002796877,0.00176789,0.001022805,0.000542989,0.000249727,0.000106242,3.67459E-05,9.12625E-06,3.05183E-06,6.02092E-07,9.27955E-08,9.8591E-09,1.28739E-09,4.44201E-11,2.41118E-12,1.08247E-13,0,0,0,0,0,0,0,0,0
49,0.842776026,0.880998984,0.911450874,0.935387645,0.957917391,0.972911581,0.984403747,0.991373509,0.995706814,0.998037675,0.999241455,0.999720864,0.999918678,0.999983304,0.999995032,0.999999182,0.999999895,0.999999991,0.999999999,1,1,1,1,1,1,1,1,1,1,1,1,,,,,,,,,,,,,0.011160182,0.009718048,0.008194474,0.006712873,0.005009432,0.003637874,0.002414752,0.001493027,0.000840331,0.000432551,0.00019108,7.82253E-05,2.57209E-05,5.99367E-06,1.91887E-06,3.51803E-07,4.99967E-08,4.81088E-09,5.80912E-10,1.7139E-11,8.29337E-13,3.29736E-14,0,0,0,0,0,0,0,0,0
50,0.853936208,0.890717032,0.919645348,0.942100517,0.962926823,0.976549455,0.986818499,0.992866536,0.996547145,0.998470226,0.999432536,0.999799089,0.999944399,0.999989298,0.999996951,0.999999534,0.999999945,0.999999996,1,1,1,1,1,1,1,1,1,1,1,1,1,,,,,,,,,,,,,0.010555797,0.009086984,0.007570997,0.006123751,0.004491718,0.003204785,0.002077218,0.001255873,0.000687299,0.00034282,0.000145329,5.72127E-05,1.78647E-05,3.90097E-06,1.19492E-06,2.03279E-07,2.65973E-08,2.31323E-09,2.57997E-10,6.48548E-12,2.7911E-13,9.88098E-15,0,0,0,0,0,0,0,0,0
51,0.864492005,0.899804016,0.927216345,0.948224269,0.967418542,0.97975424,0.988895717,0.994122409,0.997234444,0.998813046,0.999577865,0.999856302,0.999962264,0.999993199,0.999998146,0.999999737,0.999999971,0.999999998,1,1,1,1,1,1,1,1,1,1,1,1,1,,,,,,,,,,,,,0.009966693,0.008480013,0.006979446,0.005572615,0.00401634,0.00281451,0.001780368,0.001052197,0.000559614,0.000270326,0.000109871,4.15661E-05,1.23125E-05,2.51618E-06,7.36978E-07,1.1616E-07,1.3971E-08,1.09605E-09,1.12782E-10,2.40685E-12,9.20375E-14,2.88658E-15,0,0,0,0,0,0,0,0,0
52,0.874458698,0.908284029,0.934195791,0.953796884,0.971434882,0.98256875,0.990676085,0.995174606,0.997794058,0.999083372,0.999687736,0.999897868,0.999974576,0.999995715,0.999998883,0.999999854,0.999999985,0.999999999,1,1,1,1,1,1,1,1,1,1,1,1,1,,,,,,,,,,,,,0.009394169,0.007897983,0.006419951,0.005058715,0.003581376,0.00246415,0.001520418,0.000878073,0.000453614,0.000212085,8.25688E-05,2.99983E-05,8.42069E-06,1.60846E-06,4.50195E-07,6.56448E-08,7.24641E-09,5.11766E-10,4.85291E-11,8.76188E-13,2.9643E-14,0,0,0,0,0,0,0,0,0,0
53,0.883852867,0.916182012,0.940615742,0.958855599,0.975016257,0.9850329,0.992196503,0.996052679,0.998247673,0.999295457,0.999770304,0.999927866,0.999982997,0.999997324,0.999999333,0.999999919,0.999999993,1,1,1,1,1,1,1,1,1,1,1,1,1,1,,,,,,,,,,,,,0.008839332,0.007341511,0.005892397,0.004581078,0.003184766,0.002150795,0.001293745,0.000729883,0.000366056,0.000165555,6.1682E-05,2.15066E-05,5.71488E-06,1.01902E-06,2.72388E-07,3.66889E-08,3.71138E-09,2.35481E-10,2.05549E-11,3.1275E-13,9.4369E-15,0,0,0,0,0,0,0,0,0,0
54,0.892692198,0.923523523,0.946508139,0.963436677,0.978201024,0.987183695,0.993490249,0.996782562,0.998613729,0.999461011,0.999831986,0.999949373,0.999988712,0.999998343,0.999999606,0.999999956,0.999999996,1,1,1,1,1,1,1,1,1,1,1,1,1,1,,,,,,,,,,,,,0.008303104,0.006810995,0.005396452,0.004138549,0.002824362,0.001871566,0.001096916,0.000604328,0.00029409,0.000128585,4.58057E-05,1.5317E-05,3.84887E-06,6.39844E-07,1.6324E-07,2.02801E-08,1.87705E-09,1.0678E-10,8.57026E-12,1.09468E-13,2.88658E-15,0,0,0,0,0,0,0,0,0,0
55,0.900995302,0.930334518,0.951904592,0.967575226,0.981025385,0.989055262,0.994587165,0.997386891,0.998907819,0.999589596,0.999877792,0.99996469,0.999992561,0.999998982,0.999999769,0.999999976,0.999999998,1,1,1,1,1,1,1,1,1,1,1,1,1,1,,,,,,,,,,,,,0.007786233,0.006306631,0.004931587,0.003729817,0.002497953,0.00162365,0.00092671,0.00049842,0.000235228,9.93716E-05,3.38147E-05,1.08371E-05,2.57238E-06,3.98188E-07,9.69008E-08,1.1087E-08,9.3746E-10,4.77189E-11,3.51752E-12,3.76366E-14,8.88178E-16,0,0,0,0,0,0,0,0,0,0
56,0.908781536,0.936641148,0.956836178,0.971305043,0.983523339,0.990678911,0.995513875,0.997885311,0.999143047,0.999688967,0.999911607,0.999975527,0.999995133,0.999999381,0.999999866,0.999999987,0.999999999,1,1,1,1,1,1,1,1,1,1,1,1,1,1,,,,,,,,,,,,,0.0072893,0.005828431,0.004497102,0.00335345,0.00220331,0.001404322,0.000780127,0.000409476,0.00018732,7.64129E-05,2.48154E-05,7.61713E-06,1.70615E-06,2.45602E-07,5.69768E-08,5.99487E-09,4.62358E-10,2.10166E-11,1.42142E-12,1.26565E-14,0,0,0,0,0,0,0,0,0,0,0
57,0.916070836,0.94246958,0.96133328,0.974658492,0.985726649,0.992083233,0.996294002,0.998294787,0.999330367,0.99976538,0.999936422,0.999983144,0.999996839,0.999999626,0.999999923,0.999999993,1,1,1,1,1,1,1,1,1,1,1,1,1,1,1,,,,,,,,,,,,,0.006812729,0.005376242,0.004092154,0.003007922,0.001938207,0.001210971,0.000654402,0.000335103,0.000148515,5.84669E-05,1.81041E-05,5.31888E-06,1.12302E-06,1.50146E-07,3.31855E-08,3.20608E-09,2.25197E-10,9.12259E-12,5.65326E-13,4.21885E-15,0,0,0,0,0,0,0,0,0,0,0
58,0.922883565,0.947845821,0.965425434,0.977666414,0.987664856,0.993294204,0.996948404,0.99862989,0.999478882,0.999823847,0.999954526,0.999988463,0.999997962,0.999999776,0.999999956,0.999999996,1,1,1,1,1,1,1,1,1,1,1,1,1,1,1,,,,,,,,,,,,,0.006356796,0.004949756,0.003715778,0.002691641,0.001700447,0.001041117,0.000546998,0.000273181,0.000117234,4.45141E-05,1.31303E-05,3.68982E-06,7.33592E-07,9.09794E-08,1.91464E-08,1.69592E-09,1.08321E-10,3.90277E-12,2.21378E-13,1.33227E-15,0,0,0,0,0,0,0,0,0,0,0
59,0.929240362,0.952795578,0.969141212,0.980358055,0.989365303,0.994335321,0.997495402,0.99890307,0.999596115,0.999868361,0.999967657,0.999992153,0.999998696,0.999999867,0.999999975,0.999999998,1,1,1,1,1,1,1,1,1,1,1,1,1,1,1,,,,,,,,,,,,,0.005921644,0.004548537,0.003366905,0.002402971,0.001487887,0.000892421,0.000455612,0.000221845,9.21382E-05,3.37239E-05,9.46728E-06,2.54304E-06,4.7558E-07,5.46416E-08,1.09426E-08,8.87327E-10,5.14566E-11,1.64557E-12,8.53762E-14,0,0,0,0,0,0,0,0,0,0,0,0
60,0.935162005,0.957344114,0.972508117,0.982761026,0.990853191,0.995227742,0.997951014,0.999124916,0.999688254,0.999902085,0.999977124,0.999994696,0.999999171,0.999999922,0.999999986,0.999999999,1,1,1,1,1,1,1,1,1,1,1,1,1,1,1,,,,,,,,,,,,,0.005507286,0.004172027,0.003044389,0.002140255,0.001298451,0.000762691,0.000378161,0.000179467,7.21002E-05,2.54235E-05,6.78626E-06,1.74128E-06,3.05985E-07,3.25283E-08,6.19526E-09,4.59215E-10,2.4141E-11,6.83897E-13,3.24185E-14,0,0,0,0,0,0,0,0,0,0,0,0
61,0.940669291,0.961516141,0.975552505,0.984901281,0.992151642,0.995990433,0.998329175,0.999304382,0.999760354,0.999927509,0.99998391,0.999996437,0.999999477,0.999999955,0.999999992,1,1,1,1,1,1,1,1,1,1,1,1,1,1,1,1,,,,,,,,,,,,,0.005113624,0.003819569,0.002747021,0.001901836,0.001130147,0.000649894,0.000312778,0.000144629,5.61756E-05,1.90719E-05,4.83612E-06,1.18457E-06,1.95385E-07,1.9194E-08,3.47465E-09,2.35077E-10,1.11856E-11,2.80109E-13,1.21014E-14,0,0,0,0,0,0,0,0,0,0,0,0
62,0.945782916,0.96533571,0.978299527,0.986803117,0.993281789,0.996640327,0.998641954,0.999449012,0.999816529,0.999946581,0.999988746,0.999997621,0.999999673,0.999999974,0.999999996,1,1,1,1,1,1,1,1,1,1,1,1,1,1,1,1,,,,,,,,,,,,,0.004740455,0.003490422,0.002473552,0.001686069,0.000981075,0.000552147,0.000257797,0.000116111,4.35792E-05,1.42372E-05,3.42633E-06,8.00633E-07,1.23824E-07,1.12264E-08,1.93055E-09,1.19034E-10,5.11879E-12,1.13132E-13,4.44089E-15,0,0,0,0,0,0,0,0,0,0,0,0
63,0.950523371,0.968826133,0.980773079,0.988489185,0.994262864,0.997192474,0.998899751,0.999565123,0.999860109,0.999960818,0.999992173,0.999998422,0.999999797,0.999999985,0.999999998,1,1,1,1,1,1,1,1,1,1,1,1,1,1,1,1,,,,,,,,,,,,,0.004387483,0.003183771,0.002222702,0.00149134,0.00084944,0.000467725,0.000211742,9.28624E-05,3.36617E-05,1.05762E-05,2.41343E-06,5.37642E-07,7.78827E-08,6.50864E-09,1.06262E-09,5.9623E-11,2.31359E-12,4.4964E-14,1.66533E-15,0,0,0,0,0,0,0,0,0,0,0,0
64,0.954910854,0.972009904,0.98299578,0.989980525,0.995112304,0.997660199,0.999111493,0.999657985,0.99989377,0.999971394,0.999994586,0.99999896,0.999999875,0.999999991,0.999999999,1,1,1,1,1,1,1,1,1,1,1,1,1,1,1,1,,,,,,,,,,,,,0.004054327,0.002898744,0.00199318,0.001316076,0.000733549,0.000395052,0.000173311,7.39878E-05,2.58895E-05,7.81828E-06,1.69011E-06,3.58711E-07,4.86194E-08,3.74045E-09,5.79441E-10,2.95418E-11,1.03273E-12,1.76525E-14,0,0,0,0,0,0,0,0,0,0,0,0,0
65,0.95896518,0.974908648,0.98498896,0.991296601,0.995845853,0.998055251,0.999284804,0.999731973,0.99991966,0.999979212,0.999996276,0.999999318,0.999999923,0.999999995,0.999999999,1,1,1,1,1,1,1,1,1,1,1,1,1,1,1,1,,,,,,,,,,,,,0.003740536,0.002634426,0.001783696,0.001158757,0.000631826,0.000332698,0.000141364,5.87271E-05,1.98265E-05,5.75147E-06,1.17673E-06,2.3779E-07,3.01241E-08,2.13081E-09,3.13026E-10,1.44794E-11,4.55413E-13,6.88338E-15,0,0,0,0,0,0,0,0,0,0,0,0,0
66,0.962705716,0.977543074,0.986772656,0.992455358,0.996477679,0.998387949,0.999426168,0.9997907,0.999939486,0.999984964,0.999997453,0.999999556,0.999999953,0.999999997,1,1,1,1,1,1,1,1,1,1,1,1,1,1,1,1,1,,,,,,,,,,,,,0.003445594,0.002389866,0.001592971,0.001017923,0.0005428,0.000279372,0.000114909,4.64386E-05,1.51185E-05,4.21053E-06,8.14564E-07,1.56619E-07,1.85251E-08,1.20325E-09,1.67533E-10,7.0205E-12,1.98286E-13,2.55351E-15,0,0,0,0,0,0,0,0,0,0,0,0,0
67,0.96615131,0.97993294,0.988365628,0.993473281,0.997020479,0.998667321,0.999541077,0.999837139,0.999954605,0.999989174,0.999998267,0.999999713,0.999999972,0.999999999,1,1,1,1,1,1,1,1,1,1,1,1,1,1,1,1,1,,,,,,,,,,,,,0.003168934,0.002164095,0.001419747,0.000892178,0.000465116,0.000233913,9.30822E-05,3.65837E-05,1.14793E-05,3.06753E-06,5.60612E-07,1.02495E-07,1.13071E-08,6.73548E-10,8.88327E-11,3.3672E-12,8.53762E-14,9.99201E-16,0,0,0,0,0,0,0,0,0,0,0,0,0
68,0.969320244,0.982097035,0.989785375,0.994365459,0.997485595,0.998901235,0.999634159,0.999873722,0.999966084,0.999992242,0.999998828,0.999999815,0.999999983,0.999999999,1,1,1,1,1,1,1,1,1,1,1,1,1,1,1,1,1,,,,,,,,,,,,,0.002909941,0.001956128,0.001262798,0.0007802,0.000397525,0.000195286,7.51428E-05,2.87122E-05,8.67905E-06,2.22402E-06,3.83614E-07,6.66458E-08,6.85007E-09,3.73751E-10,4.66664E-11,1.59783E-12,3.61933E-14,0,0,0,0,0,0,0,0,0,0,0,0,0,0
69,0.972230184,0.984053163,0.991048173,0.995145659,0.99788312,0.999096521,0.999709302,0.999902435,0.999974763,0.999994466,0.999999212,0.999999882,0.99999999,1,1,1,1,1,1,1,1,1,1,1,1,1,1,1,1,1,1,,,,,,,,,,,,,0.002667966,0.00176498,0.001120932,0.000680741,0.000338886,0.000162568,6.04529E-05,2.24502E-05,6.53402E-06,1.60469E-06,2.60991E-07,4.30586E-08,4.11901E-09,2.05591E-10,2.42887E-11,7.49956E-13,1.52101E-14,0,0,0,0,0,0,0,0,0,0,0,0,0,0
70,0.97489815,0.985818142,0.992169105,0.9958264,0.998222005,0.999259089,0.999769755,0.999924885,0.999981297,0.99999607,0.999999473,0.999999925,0.999999994,1,1,1,1,1,1,1,1,1,1,1,1,1,1,1,1,1,1,,,,,,,,,,,,,0.002442332,0.001589669,0.000993004,0.000592628,0.000288159,0.000134943,4.84685E-05,1.74886E-05,4.8983E-06,1.15227E-06,1.76546E-07,2.76419E-08,2.45839E-09,1.12108E-10,1.25249E-11,3.48277E-13,6.32827E-15,0,0,0,0,0,0,0,0,0,0,0,0,0,0
71,0.977340482,0.987407811,0.993162109,0.996419028,0.998510164,0.999394032,0.999818223,0.999942373,0.999986196,0.999997223,0.999999649,0.999999953,0.999999997,1,1,1,1,1,1,1,1,1,1,1,1,1,1,1,1,1,1,,,,,,,,,,,,,0.002232339,0.001429227,0.000877913,0.000514767,0.0002444,0.000111691,3.87274E-05,1.35728E-05,3.65655E-06,8.23429E-07,1.1874E-07,1.7632E-08,1.45637E-09,6.06022E-11,6.3991E-12,1.59983E-13,2.55351E-15,0,0,0,0,0,0,0,0,0,0,0,0,0,0
72,0.979572822,0.988837039,0.994040023,0.996933795,0.998754564,0.999505723,0.999856951,0.999955946,0.999989852,0.999998046,0.999999768,0.99999997,0.999999998,1,1,1,1,1,1,1,1,1,1,1,1,1,1,1,1,1,1,,,,,,,,,,,,,0.002037275,0.001282704,0.000774612,0.000446138,0.000206761,9.2182E-05,3.08387E-05,1.04947E-05,2.71808E-06,5.85618E-07,7.94043E-08,1.11754E-08,8.56374E-10,3.24758E-11,3.23941E-12,7.27196E-14,1.11022E-15,0,0,0,0,0,0,0,0,0,0,0,0,0,0
73,0.981610097,0.990119743,0.994814634,0.997379932,0.998961325,0.999597905,0.999887789,0.999966441,0.99999257,0.999998632,0.999999847,0.999999981,0.999999999,1,1,1,1,1,1,1,1,1,1,1,1,1,1,1,1,1,1,,,,,,,,,,,,,0.001856418,0.001149171,0.000682105,0.000385799,0.000174474,7.58637E-05,2.44735E-05,8.08467E-06,2.01196E-06,4.14498E-07,5.27965E-08,7.03821E-09,4.99834E-10,1.72526E-11,1.6247E-12,3.26406E-14,0,0,0,0,0,0,0,0,0,0,0,0,0,0,0
74,0.983466515,0.991268913,0.995496739,0.997765731,0.999135799,0.999673769,0.999912263,0.999974526,0.999994582,0.999999046,0.9999999,0.999999989,0.999999999,1,1,1,1,1,1,1,1,1,1,1,1,1,1,1,1,1,1,,,,,,,,,,,,,0.001689046,0.001027729,0.000599454,0.000332881,0.000146858,6.22566E-05,1.93562E-05,6.20507E-06,1.48303E-06,2.9198E-07,3.49046E-08,4.4045E-09,2.89577E-10,9.08618E-12,8.07354E-13,1.45439E-14,0,0,0,0,0,0,0,0,0,0,0,0,0,0,0
75,0.985155561,0.992296642,0.996096193,0.998098612,0.999282657,0.999736025,0.999931619,0.999980731,0.999996065,0.999999338,0.999999935,0.999999993,1,1,1,1,1,1,1,1,1,1,1,1,1,1,1,1,1,1,1,,,,,,,,,,,,,0.001534436,0.00091751,0.000525776,0.000286587,0.000123301,5.09453E-05,1.52571E-05,4.7449E-06,1.08857E-06,2.04697E-07,2.29446E-08,2.73888E-09,1.66526E-10,4.74387E-12,3.97571E-13,6.43929E-15,0,0,0,0,0,0,0,0,0,0,0,0,0,0,0
76,0.986689996,0.993214152,0.996621969,0.998385199,0.999405958,0.999786971,0.999946876,0.999985476,0.999997154,0.999999543,0.999999958,0.999999996,1,1,1,1,1,1,1,1,1,1,1,1,1,1,1,1,1,1,1,,,,,,,,,,,,,0.001391875,0.000817681,0.000460244,0.000246187,0.000103263,4.15712E-05,1.19854E-05,3.61498E-06,7.95681E-07,1.42823E-07,1.49969E-08,1.69237E-09,9.50572E-11,2.45548E-12,1.93956E-13,2.77556E-15,0,0,0,0,0,0,0,0,0,0,0,0,0,0,0
77,0.988081872,0.994031833,0.997082213,0.998631386,0.999509221,0.999828542,0.999958862,0.999989091,0.99999795,0.999999686,0.999999973,0.999999997,1,1,1,1,1,1,1,1,1,1,1,1,1,1,1,1,1,1,1,,,,,,,,,,,,,0.001260662,0.000727445,0.000402087,0.000211017,8.6264E-05,3.38262E-05,9.38357E-06,2.74402E-06,5.79167E-07,9.91794E-08,9.74654E-09,1.03912E-09,5.3861E-11,1.25999E-12,9.37028E-14,1.22125E-15,0,0,0,0,0,0,0,0,0,0,0,0,0,0,0
78,0.989342534,0.994759278,0.9974843,0.998842404,0.999595485,0.999862368,0.999968245,0.999991835,0.999998529,0.999999785,0.999999983,0.999999998,1,1,1,1,1,1,1,1,1,1,1,1,1,1,1,1,1,1,1,,,,,,,,,,,,,0.001140108,0.000646044,0.00035059,0.000180475,7.18833E-05,2.74466E-05,7.32181E-06,2.07527E-06,4.19811E-07,6.85458E-08,6.29837E-09,6.33999E-10,3.02939E-11,6.41043E-13,4.4964E-14,0,0,0,0,0,0,0,0,0,0,0,0,0,0,0,0
79,0.990482642,0.995405321,0.99783489,0.999022879,0.999667368,0.999889815,0.999975567,0.99999391,0.999998949,0.999999854,0.999999989,0.999999999,1,1,1,1,1,1,1,1,1,1,1,1,1,1,1,1,1,1,1,,,,,,,,,,,,,0.001029543,0.000572758,0.000305091,0.000154016,5.97504E-05,2.22076E-05,5.69386E-06,1.56376E-06,3.03035E-07,4.71499E-08,4.04704E-09,3.84386E-10,1.69132E-11,3.23297E-13,2.13163E-14,0,0,0,0,0,0,0,0,0,0,0,0,0,0,0,0
80,0.991512185,0.99597808,0.998139981,0.999176895,0.999727118,0.999912022,0.999981261,0.999995474,0.999999252,0.999999901,0.999999993,0.999999999,1,1,1,1,1,1,1,1,1,1,1,1,1,1,1,1,1,1,1,,,,,,,,,,,,,0.000928317,0.00050691,0.000264978,0.000131149,4.95416E-05,1.79183E-05,4.41301E-06,1.17402E-06,2.17832E-07,3.22794E-08,2.58573E-09,2.31582E-10,9.3735E-12,1.61648E-13,9.99201E-15,0,0,0,0,0,0,0,0,0,0,0,0,0,0,0,0
81,0.992440502,0.99648499,0.998404959,0.999308044,0.99977666,0.99992994,0.999985674,0.999996648,0.999999469,0.999999933,0.999999996,1,1,1,1,1,1,1,1,1,1,1,1,1,1,1,1,1,1,1,1,,,,,,,,,,,,,0.000835802,0.00044786,0.000229692,0.000111434,4.09751E-05,1.4417E-05,3.40884E-06,8.78207E-07,1.55935E-07,2.19946E-08,1.64273E-09,1.38646E-10,5.15665E-12,8.00471E-14,4.66294E-15,0,0,0,0,0,0,0,0,0,0,0,0,0,0,0,0
82,0.993276304,0.99693285,0.998634651,0.999419479,0.999817635,0.999944357,0.999989083,0.999997526,0.999999625,0.999999955,0.999999997,1,1,1,1,1,1,1,1,1,1,1,1,1,1,1,1,1,1,1,1,,,,,,,,,,,,,0.000751395,0.00039501,0.000198718,9.44774E-05,3.38057E-05,1.15674E-05,2.62435E-06,6.54535E-07,1.11164E-07,1.49161E-08,1.03775E-09,8.24847E-11,2.81608E-12,3.94129E-14,2.22045E-15,0,0,0,0,0,0,0,0,0,0,0,0,0,0,0,0
83,0.994027699,0.997327859,0.998833369,0.999513956,0.999851441,0.999955925,0.999991707,0.99999818,0.999999737,0.99999997,0.999999998,1,1,1,1,1,1,1,1,1,1,1,1,1,1,1,1,1,1,1,1,,,,,,,,,,,,,0.000674516,0.0003478,0.000171588,7.99271E-05,2.78218E-05,9.25519E-06,2.01365E-06,4.86058E-07,7.89192E-08,1.00682E-08,6.51867E-10,4.87651E-11,1.52667E-12,1.92069E-14,9.99201E-16,0,0,0,0,0,0,0,0,0,0,0,0,0,0,0,0
84,0.994702215,0.997675659,0.999004956,0.999593883,0.999879263,0.99996518,0.999993721,0.999998666,0.999999815,0.99999998,0.999999999,1,1,1,1,1,1,1,1,1,1,1,1,1,1,1,1,1,1,1,1,,,,,,,,,,,,,0.000604613,0.000305709,0.000147875,6.74715E-05,2.28405E-05,7.38457E-06,1.53991E-06,3.59638E-07,5.57961E-08,6.76394E-09,4.07167E-10,2.86495E-11,8.21565E-13,9.21485E-15,0,0,0,0,0,0,0,0,0,0,0,0,0,0,0,0,0
85,0.995306829,0.997981368,0.999152832,0.999661355,0.999902103,0.999972565,0.999995261,0.999999026,0.999999871,0.999999987,0.999999999,1,1,1,1,1,1,1,1,1,1,1,1,1,1,1,1,1,1,1,1,,,,,,,,,,,,,0.00054116,0.000268255,0.000127194,5.6834E-05,1.87048E-05,5.87566E-06,1.17371E-06,2.65134E-07,3.92852E-08,4.5228E-09,2.52892E-10,1.67263E-11,4.38871E-13,4.44089E-15,0,0,0,0,0,0,0,0,0,0,0,0,0,0,0,0,0
86,0.995847989,0.998249623,0.999280026,0.999718189,0.999920808,0.99997844,0.999996434,0.999999291,0.999999911,0.999999991,1,1,1,1,1,1,1,1,1,1,1,1,1,1,1,1,1,1,1,1,1,,,,,,,,,,,,,0.000483659,0.000234989,0.000109195,4.77705E-05,1.52803E-05,4.66211E-06,8.9161E-07,1.94757E-07,2.75463E-08,3.01007E-09,1.56189E-10,9.70413E-12,2.32703E-13,2.10942E-15,0,0,0,0,0,0,0,0,0,0,0,0,0,0,0,0,0
87,0.996331648,0.998484612,0.999389221,0.999765959,0.999936088,0.999983102,0.999997326,0.999999486,0.999999938,0.999999994,1,1,1,1,1,1,1,1,1,1,1,1,1,1,1,1,1,1,1,1,1,,,,,,,,,,,,,0.000431638,0.0002055,9.3563E-05,4.00661E-05,1.24521E-05,3.68896E-06,6.75065E-07,1.42544E-07,1.92356E-08,1.99393E-09,9.59219E-11,5.59497E-12,1.22458E-13,9.99201E-16,0,0,0,0,0,0,0,0,0,0,0,0,0,0,0,0,0
88,0.996763286,0.998690112,0.999482784,0.999806025,0.99994854,0.999986791,0.999998001,0.999999628,0.999999957,0.999999996,1,1,1,1,1,1,1,1,1,1,1,1,1,1,1,1,1,1,1,1,1,,,,,,,,,,,,,0.000384652,0.000179408,8.00153E-05,3.35321E-05,1.01225E-05,2.91088E-06,5.09417E-07,1.03953E-07,1.33771E-08,1.31465E-09,5.85789E-11,3.20577E-12,6.40599E-14,0,0,0,0,0,0,0,0,0,0,0,0,0,0,0,0,0,0
89,0.997147937,0.99886952,0.999562799,0.999839557,0.999958663,0.999989702,0.99999851,0.999999732,0.999999971,0.999999998,1,1,1,1,1,1,1,1,1,1,1,1,1,1,1,1,1,1,1,1,1,,,,,,,,,,,,,0.000342283,0.000156364,6.82984E-05,2.80036E-05,8.2086E-06,2.29058E-06,3.83142E-07,7.55361E-08,9.26468E-09,8.62741E-10,3.55733E-11,1.82532E-12,3.31957E-14,0,0,0,0,0,0,0,0,0,0,0,0,0,0,0,0,0,0
90,0.997490221,0.999025884,0.999631098,0.999867561,0.999966872,0.999991993,0.999998894,0.999999808,0.99999998,0.999999998,1,1,1,1,1,1,1,1,1,1,1,1,1,1,1,1,1,1,1,1,1,,,,,,,,,,,,,0.000304141,0.00013605,5.81861E-05,2.33367E-05,6.6403E-06,1.7975E-06,2.87215E-07,5.46902E-08,6.39024E-09,5.63536E-10,2.14816E-11,1.03284E-12,1.70974E-14,0,0,0,0,0,0,0,0,0,0,0,0,0,0,0,0,0,0
91,0.997794362,0.999161934,0.999689284,0.999890898,0.999973512,0.99999379,0.999999181,0.999999863,0.999999986,0.999999999,1,1,1,1,1,1,1,1,1,1,1,1,1,1,1,1,1,1,1,1,1,,,,,,,,,,,,,0.00026986,0.000118177,4.94766E-05,1.9406E-05,5.35853E-06,1.40668E-06,2.14593E-07,3.9455E-08,4.38958E-09,3.66384E-10,1.28995E-11,5.80758E-13,8.77076E-15,0,0,0,0,0,0,0,0,0,0,0,0,0,0,0,0,0,0
92,0.998064222,0.999280111,0.99973876,0.999910304,0.99997887,0.999995197,0.999999395,0.999999902,0.999999991,0.999999999,1,1,1,1,1,1,1,1,1,1,1,1,1,1,1,1,1,1,1,1,1,,,,,,,,,,,,,0.000239098,0.00010248,4.19908E-05,1.6103E-05,4.31365E-06,1.09781E-06,1.59804E-07,2.83618E-08,3.00297E-09,2.37099E-10,7.70273E-12,3.24629E-13,4.44089E-15,0,0,0,0,0,0,0,0,0,0,0,0,0,0,0,0,0,0
93,0.99830332,0.999382591,0.999780751,0.999926407,0.999983184,0.999996295,0.999999555,0.99999993,0.999999994,1,1,1,1,1,1,1,1,1,1,1,1,1,1,1,1,1,1,1,1,1,1,,,,,,,,,,,,,0.000211538,8.87188E-05,3.55701E-05,1.33338E-05,3.46407E-06,8.54413E-07,1.18612E-07,2.03146E-08,2.04598E-09,1.52722E-10,4.57379E-12,1.80189E-13,2.22045E-15,0,0,0,0,0,0,0,0,0,0,0,0,0,0,0,0,0,0
94,0.998514858,0.99947131,0.999816321,0.99993974,0.999986648,0.999997149,0.999999674,0.999999951,0.999999996,1,1,1,1,1,1,1,1,1,1,1,1,1,1,1,1,1,1,1,1,1,1,,,,,,,,,,,,,0.000186887,7.66774E-05,3.0074E-05,1.10173E-05,2.77506E-06,6.6316E-07,8.7747E-08,1.44986E-08,1.38829E-09,9.79158E-11,2.70084E-12,9.9587E-14,1.11022E-15,0,0,0,0,0,0,0,0,0,0,0,0,0,0,0,0,0,0
95,0.998701746,0.999547987,0.999846395,0.999950758,0.999989423,0.999997812,0.999999762,0.999999965,0.999999997,1,1,1,1,1,1,1,1,1,1,1,1,1,1,1,1,1,1,1,1,1,1,,,,,,,,,,,,,0.000164873,6.61599E-05,2.53792E-05,9.08403E-06,2.21771E-06,5.1331E-07,6.47004E-08,1.03107E-08,9.38176E-10,6.24869E-11,1.58584E-12,5.4512E-14,0,0,0,0,0,0,0,0,0,0,0,0,0,0,0,0,0,0,0
96,0.998866619,0.999614147,0.999871774,0.999959842,0.999991641,0.999998326,0.999999826,0.999999976,0.999999998,1,1,1,1,1,1,1,1,1,1,1,1,1,1,1,1,1,1,1,1,1,1,,,,,,,,,,,,,0.000145245,5.69901E-05,2.13768E-05,7.47414E-06,1.76801E-06,3.96236E-07,4.75501E-08,7.30629E-09,6.31421E-10,3.96928E-11,9.26037E-13,2.9754E-14,0,0,0,0,0,0,0,0,0,0,0,0,0,0,0,0,0,0,0
97,0.999011863,0.999671137,0.999893151,0.999967316,0.999993409,0.999998722,0.999999874,0.999999983,0.999999999,1,1,1,1,1,1,1,1,1,1,1,1,1,1,1,1,1,1,1,1,1,1,,,,,,,,,,,,,0.000127771,4.90097E-05,1.79717E-05,6.13657E-06,1.4061E-06,3.0503E-07,3.48311E-08,5.15889E-09,4.23239E-10,2.50969E-11,5.37681E-13,1.60982E-14,0,0,0,0,0,0,0,0,0,0,0,0,0,0,0,0,0,0,0
98,0.999139634,0.999720147,0.999911123,0.999973452,0.999994815,0.999999027,0.999999909,0.999999988,0.999999999,1,1,1,1,1,1,1,1,1,1,1,1,1,1,1,1,1,1,1,1,1,1,,,,,,,,,,,,,0.00011224,4.20769E-05,1.50806E-05,5.02774E-06,1.11557E-06,2.34179E-07,2.54306E-08,3.62966E-09,2.82545E-10,1.5795E-11,3.10418E-13,8.65974E-15,0,0,0,0,0,0,0,0,0,0,0,0,0,0,0,0,0,0,0
99,0.999251874,0.999762224,0.999926203,0.99997848,0.999995931,0.999999261,0.999999934,0.999999992,0.999999999,1,1,1,1,1,1,1,1,1,1,1,1,1,1,1,1,1,1,1,1,1,1,,,,,,,,,,,,,9.84566E-05,3.60651E-05,1.26308E-05,4.1106E-06,8.82934E-07,1.79296E-07,1.85064E-08,2.54465E-09,1.87855E-10,9.89486E-12,1.78302E-13,4.66294E-15,0,0,0,0,0,0,0,0,0,0,0,0,0,0,0,0,0,0,0
100,0.999350331,0.999798289,0.999938834,0.999982591,0.999996814,0.99999944,0.999999953,0.999999994,1,1,1,1,1,1,1,1,1,1,1,1,1,1,1,1,1,1,1,1,1,1,1,,,,,,,,,,,,,8.6244E-05,3.08612E-05,1.05591E-05,3.35369E-06,6.97131E-07,1.36903E-07,1.34234E-08,1.77765E-09,1.24394E-10,6.17029E-12,1.01807E-13,2.44249E-15,0,0,0,0,0,0,0,0,0,0,0,0,0,0,0,0,0,0,0
101,0.999436574,0.99982915,0.999949393,0.999985944,0.999997511,0.999999577,0.999999966,0.999999996,1,1,1,1,1,1,1,1,1,1,1,1,1,1,1,1,1,1,1,1,1,1,1,,,,,,,,,,,,,7.54396E-05,2.63646E-05,8.81075E-06,2.73041E-06,5.49106E-07,1.0425E-07,9.70463E-09,1.23743E-09,8.20374E-11,3.82983E-12,5.78426E-14,1.33227E-15,0,0,0,0,0,0,0,0,0,0,0,0,0,0,0,0,0,0,0
102,0.999512014,0.999855515,0.999958204,0.999988675,0.99999806,0.999999681,0.999999976,0.999999997,1,1,1,1,1,1,1,1,1,1,1,1,1,1,1,1,1,1,1,1,1,1,1,,,,,,,,,,,,,6.58958E-05,2.24861E-05,7.33812E-06,2.2183E-06,4.31473E-07,7.91698E-08,6.99319E-09,8.58324E-10,5.3885E-11,2.36622E-12,3.26406E-14,0,0,0,0,0,0,0,0,0,0,0,0,0,0,0,0,0,0,0,0
103,0.99957791,0.999878001,0.999965542,0.999990893,0.999998491,0.999999761,0.999999983,0.999999998,1,1,1,1,1,1,1,1,1,1,1,1,1,1,1,1,1,1,1,1,1,1,1,,,,,,,,,,,,,5.74784E-05,1.91467E-05,6.10022E-06,1.79847E-06,3.38228E-07,5.99609E-08,5.02286E-09,5.93256E-10,3.52506E-11,1.45528E-12,1.83187E-14,0,0,0,0,0,0,0,0,0,0,0,0,0,0,0,0,0,0,0,0
104,0.999635388,0.999897148,0.999971643,0.999992692,0.999998829,0.999999821,0.999999988,0.999999999,1,1,1,1,1,1,1,1,1,1,1,1,1,1,1,1,1,1,1,1,1,1,1,,,,,,,,,,,,,5.00659E-05,1.62764E-05,5.0617E-06,1.45505E-06,2.64499E-07,4.52899E-08,3.59591E-09,4.08597E-10,2.29673E-11,8.90954E-13,1.03251E-14,0,0,0,0,0,0,0,0,0,0,0,0,0,0,0,0,0,0,0,0
105,0.999685454,0.999913424,0.999976704,0.999994147,0.999999094,0.999999866,0.999999991,0.999999999,1,1,1,1,1,1,1,1,1,1,1,1,1,1,1,1,1,1,1,1,1,1,1,,,,,,,,,,,,,4.35482E-05,1.38138E-05,4.19216E-06,1.17474E-06,2.06347E-07,3.41163E-08,2.56596E-09,2.8042E-10,1.4904E-11,5.42899E-13,5.66214E-15,0,0,0,0,0,0,0,0,0,0,0,0,0,0,0,0,0,0,0,0
106,0.999729002,0.999927238,0.999980896,0.999995321,0.9999993,0.9999999,0.999999994,0.999999999,1,1,1,1,1,1,1,1,1,1,1,1,1,1,1,1,1,1,1,1,1,1,1,,,,,,,,,,,,,3.7826E-05,1.17045E-05,3.46555E-06,9.46461E-07,1.60596E-07,2.56301E-08,1.82504E-09,1.91774E-10,9.63241E-12,3.29292E-13,3.10862E-15,0,0,0,0,0,0,0,0,0,0,0,0,0,0,0,0,0,0,0,0
107,0.999766828,0.999938942,0.999984362,0.999996268,0.999999461,0.999999926,0.999999996,1,1,1,1,1,1,1,1,1,1,1,1,1,1,1,1,1,1,1,1,1,1,1,1,,,,,,,,,,,,,3.28098E-05,9.90118E-06,2.85956E-06,7.6095E-07,1.24691E-07,1.92029E-08,1.29384E-09,1.30688E-10,6.2006E-12,1.98841E-13,1.77636E-15,0,0,0,0,0,0,0,0,0,0,0,0,0,0,0,0,0,0,0,0
108,0.999799638,0.999948843,0.999987221,0.999997029,0.999999586,0.999999945,0.999999997,1,1,1,1,1,1,1,1,1,1,1,1,1,1,1,1,1,1,1,1,1,1,1,1,,,,,,,,,,,,,2.84192E-05,8.362E-06,2.35516E-06,6.10528E-07,9.65827E-08,1.43488E-08,9.14275E-10,8.87457E-11,3.97526E-12,1.1946E-13,8.88178E-16,0,0,0,0,0,0,0,0,0,0,0,0,0,0,0,0,0,0,0,0
109,0.999828057,0.999957205,0.999989577,0.999997639,0.999999682,0.999999959,0.999999998,1,1,1,1,1,1,1,1,1,1,1,1,1,1,1,1,1,1,1,1,1,1,1,1,,,,,,,,,,,,,2.45819E-05,7.05059E-06,1.93615E-06,4.88822E-07,7.46326E-08,1.06929E-08,6.43961E-10,6.00521E-11,2.53841E-12,7.16094E-14,0,0,0,0,0,0,0,0,0,0,0,0,0,0,0,0,0,0,0,0,0
110,0.999852639,0.999964256,0.999991513,0.999998128,0.999999757,0.99999997,0.999999999,1,1,1,1,1,1,1,1,1,1,1,1,1,1,1,1,1,1,1,1,1,1,1,1,,,,,,,,,,,,,2.12331E-05,5.93519E-06,1.58874E-06,3.90566E-07,5.75339E-08,7.94705E-09,4.52095E-10,4.04931E-11,1.61438E-12,4.25215E-14,0,0,0,0,0,0,0,0,0,0,0,0,0,0,0,0,0,0,0,0,0
111,0.999873872,0.999970191,0.999993102,0.999998519,0.999999814,0.999999978,0.999999999,1,1,1,1,1,1,1,1,1,1,1,1,1,1,1,1,1,1,1,1,1,1,1,1,,,,,,,,,,,,,1.83151E-05,4.98812E-06,1.30126E-06,3.11413E-07,4.42473E-08,5.89051E-09,3.16366E-10,2.72083E-11,1.02263E-12,2.53131E-14,0,0,0,0,0,0,0,0,0,0,0,0,0,0,0,0,0,0,0,0,0
112,0.999892187,0.999975179,0.999994403,0.99999883,0.999999859,0.999999984,0.999999999,1,1,1,1,1,1,1,1,1,1,1,1,1,1,1,1,1,1,1,1,1,1,1,1,,,,,,,,,,,,,1.57763E-05,4.18538E-06,1.06383E-06,2.47787E-07,3.39484E-08,4.35446E-09,2.20669E-10,1.8218E-11,6.45151E-13,1.4877E-14,0,0,0,0,0,0,0,0,0,0,0,0,0,0,0,0,0,0,0,0,0
113,0.999907964,0.999979365,0.999995467,0.999999078,0.999999893,0.999999988,1,1,1,1,1,1,1,1,1,1,1,1,1,1,1,1,1,1,1,1,1,1,1,1,1,,,,,,,,,,,,,1.35706E-05,3.50613E-06,8.68123E-07,1.96753E-07,2.59849E-08,3.21036E-09,1.53421E-10,1.21555E-11,4.05453E-13,8.77076E-15,0,0,0,0,0,0,0,0,0,0,0,0,0,0,0,0,0,0,0,0,0
114,0.999921534,0.999982871,0.999996335,0.999999275,0.999999919,0.999999991,1,1,1,1,1,1,1,1,1,1,1,1,1,1,1,1,1,1,1,1,1,1,1,1,1,,,,,,,,,,,,,1.16571E-05,2.93237E-06,7.07116E-07,1.55907E-07,1.98424E-08,2.36053E-09,1.06321E-10,8.08198E-12,2.53686E-13,5.10703E-15,0,0,0,0,0,0,0,0,0,0,0,0,0,0,0,0,0,0,0,0,0
115,0.999933192,0.999985803,0.999997042,0.999999431,0.999999938,0.999999994,1,1,1,1,1,1,1,1,1,1,1,1,1,1,1,1,1,1,1,1,1,1,1,1,1,,,,,,,,,,,,,9.99968E-06,2.44853E-06,5.74912E-07,1.23286E-07,1.5116E-08,1.73103E-09,7.34427E-11,5.35472E-12,1.58207E-13,2.9976E-15,0,0,0,0,0,0,0,0,0,0,0,0,0,0,0,0,0,0,0,0,0
116,0.999943191,0.999988252,0.999997617,0.999999554,0.999999953,0.999999995,1,1,1,1,1,1,1,1,1,1,1,1,1,1,1,1,1,1,1,1,1,1,1,1,1,,,,,,,,,,,,,8.56608E-06,2.04123E-06,4.66567E-07,9.72894E-08,1.14883E-08,1.26602E-09,5.05676E-11,3.53551E-12,9.82547E-14,1.66533E-15,0,0,0,0,0,0,0,0,0,0,0,0,0,0,0,0,0,0,0,0,0
117,0.999951757,0.999990293,0.999998083,0.999999651,0.999999965,0.999999997,1,1,1,1,1,1,1,1,1,1,1,1,1,1,1,1,1,1,1,1,1,1,1,1,1,,,,,,,,,,,,,7.32792E-06,1.69894E-06,3.77946E-07,7.66164E-08,8.71059E-09,9.2346E-10,3.47049E-11,2.32603E-12,6.07292E-14,9.99201E-16,0,0,0,0,0,0,0,0,0,0,0,0,0,0,0,0,0,0,0,0,0
118,0.999959085,0.999991992,0.999998461,0.999999728,0.999999974,0.999999998,1,1,1,1,1,1,1,1,1,1,1,1,1,1,1,1,1,1,1,1,1,1,1,1,1,,,,,,,,,,,,,6.26012E-06,1.41177E-06,3.05598E-07,6.02121E-08,6.58892E-09,6.71796E-10,2.37415E-11,1.52511E-12,3.74145E-14,0,0,0,0,0,0,0,0,0,0,0,0,0,0,0,0,0,0,0,0,0,0
119,0.999965345,0.999993404,0.999998767,0.999999788,0.99999998,0.999999998,1,1,1,1,1,1,1,1,1,1,1,1,1,1,1,1,1,1,1,1,1,1,1,1,1,,,,,,,,,,,,,5.34059E-06,1.17126E-06,2.46646E-07,4.72228E-08,4.9723E-09,4.87416E-10,1.61891E-11,9.96314E-13,2.28706E-14,0,0,0,0,0,0,0,0,0,0,0,0,0,0,0,0,0,0,0,0,0,0
120,0.999970686,0.999994575,0.999999014,0.999999835,0.999999985,0.999999999,1,1,1,1,1,1,1,1,1,1,1,1,1,1,1,1,1,1,1,1,1,1,1,1,1,,,,,,,,,,,,,4.54988E-06,9.70155E-07,1.98703E-07,3.69597E-08,3.74349E-09,3.52701E-10,1.10036E-11,6.48814E-13,1.40998E-14,0,0,0,0,0,0,0,0,0,0,0,0,0,0,0,0,0,0,0,0,0,0
121,0.999975236,0.999995545,0.999999212,0.999999872,0.999999989,0.999999999,1,1,1,1,1,1,1,1,1,1,1,1,1,1,1,1,1,1,1,1,1,1,1,1,1,,,,,,,,,,,,,3.87095E-06,8.02293E-07,1.59787E-07,2.88677E-08,2.81174E-09,2.54542E-10,7.45493E-12,4.20886E-13,8.43769E-15,0,0,0,0,0,0,0,0,0,0,0,0,0,0,0,0,0,0,0,0,0,0
122,0.999979107,0.999996347,0.999999372,0.999999901,0.999999992,0.999999999,1,1,1,1,1,1,1,1,1,1,1,1,1,1,1,1,1,1,1,1,1,1,1,1,1,,,,,,,,,,,,,3.28883E-06,6.62412E-07,1.28259E-07,2.25012E-08,2.10694E-09,1.83214E-10,5.03453E-12,2.72116E-13,5.21805E-15,0,0,0,0,0,0,0,0,0,0,0,0,0,0,0,0,0,0,0,0,0,0
123,0.999982396,0.99999701,0.9999995,0.999999924,0.999999994,1,1,1,1,1,1,1,1,1,1,1,1,1,1,1,1,1,1,1,1,1,1,1,1,1,1,,,,,,,,,,,,,2.79043E-06,5.46044E-07,1.02764E-07,1.75029E-08,1.5751E-09,1.31524E-10,3.38896E-12,1.75304E-13,3.10862E-15,0,0,0,0,0,0,0,0,0,0,0,0,0,0,0,0,0,0,0,0,0,0
124,0.999985186,0.999997556,0.999999603,0.999999941,0.999999995,1,1,1,1,1,1,1,1,1,1,1,1,1,1,1,1,1,1,1,1,1,1,1,1,1,1,,,,,,,,,,,,,2.36434E-06,4.49399E-07,8.21865E-08,1.3587E-08,1.17475E-09,9.41671E-11,2.27407E-12,1.12577E-13,1.88738E-15,0,0,0,0,0,0,0,0,0,0,0,0,0,0,0,0,0,0,0,0,0,0
125,0.99998755,0.999998005,0.999999685,0.999999955,0.999999997,1,1,1,1,1,1,1,1,1,1,1,1,1,1,1,1,1,1,1,1,1,1,1,1,1,1,,,,,,,,,,,,,2.00059E-06,3.69269E-07,6.56103E-08,1.05257E-08,8.74107E-10,6.72424E-11,1.52089E-12,7.20535E-14,1.11022E-15,0,0,0,0,0,0,0,0,0,0,0,0,0,0,0,0,0,0,0,0,0,0
126,0.999989551,0.999998375,0.999999751,0.999999965,0.999999998,1,1,1,1,1,1,1,1,1,1,1,1,1,1,1,1,1,1,1,1,1,1,1,1,1,1,,,,,,,,,,,,,1.6905E-06,3.02942E-07,5.22822E-08,8.13746E-09,6.48883E-10,4.78892E-11,1.01397E-12,4.58522E-14,0,0,0,0,0,0,0,0,0,0,0,0,0,0,0,0,0,0,0,0,0,0,0
127,0.999991241,0.999998678,0.999999803,0.999999973,0.999999998,1,1,1,1,1,1,1,1,1,1,1,1,1,1,1,1,1,1,1,1,1,1,1,1,1,1,,,,,,,,,,,,,1.42654E-06,2.48132E-07,4.15859E-08,6.27829E-09,4.80564E-10,3.40161E-11,6.73794E-13,2.91989E-14,0,0,0,0,0,0,0,0,0,0,0,0,0,0,0,0,0,0,0,0,0,0,0
128,0.999992668,0.999998926,0.999999845,0.99999998,0.999999999,1,1,1,1,1,1,1,1,1,1,1,1,1,1,1,1,1,1,1,1,1,1,1,1,1,1,,,,,,,,,,,,,1.20216E-06,2.02915E-07,3.3018E-08,4.83401E-09,3.55075E-10,2.40982E-11,4.46421E-13,1.85407E-14,0,0,0,0,0,0,0,0,0,0,0,0,0,0,0,0,0,0,0,0,0,0,0
129,0.99999387,0.999999129,0.999999878,0.999999984,0.999999999,1,1,1,1,1,1,1,1,1,1,1,1,1,1,1,1,1,1,1,1,1,1,1,1,1,1,,,,,,,,,,,,,1.0117E-06,1.65674E-07,2.61679E-08,3.7144E-09,2.61743E-10,1.70268E-11,2.94764E-13,1.16573E-14,0,0,0,0,0,0,0,0,0,0,0,0,0,0,0,0,0,0,0,0,0,0,0
130,0.999994882,0.999999294,0.999999904,0.999999988,0.999999999,1,1,1,1,1,1,1,1,1,1,1,1,1,1,1,1,1,1,1,1,1,1,1,1,1,1,,,,,,,,,,,,,8.50267E-07,1.35053E-07,2.07014E-08,2.8483E-09,1.92493E-10,1.1999E-11,1.93956E-13,7.32747E-15,0,0,0,0,0,0,0,0,0,0,0,0,0,0,0,0,0,0,0,0,0,0,0
131,0.999995732,0.999999429,0.999999925,0.999999991,0.999999999,1,1,1,1,1,1,1,1,1,1,1,1,1,1,1,1,1,1,1,1,1,1,1,1,1,1,,,,,,,,,,,,,7.13627E-07,1.09917E-07,1.63472E-08,2.17971E-09,1.41235E-10,8.43337E-12,1.27232E-13,4.55191E-15,0,0,0,0,0,0,0,0,0,0,0,0,0,0,0,0,0,0,0,0,0,0,0
132,0.999996446,0.999999539,0.999999941,0.999999993,1,1,1,1,1,1,1,1,1,1,1,1,1,1,1,1,1,1,1,1,1,1,1,1,1,1,1,,,,,,,,,,,,,5.98136E-07,8.93171E-08,1.28856E-08,1.66467E-09,1.03385E-10,5.91172E-12,8.32667E-14,2.88658E-15,0,0,0,0,0,0,0,0,0,0,0,0,0,0,0,0,0,0,0,0,0,0,0
133,0.999997044,0.999999629,0.999999954,0.999999995,1,1,1,1,1,1,1,1,1,1,1,1,1,1,1,1,1,1,1,1,1,1,1,1,1,1,1,,,,,,,,,,,,,5.00661E-07,7.24629E-08,1.01386E-08,1.26875E-09,7.55023E-11,4.13325E-12,5.42899E-14,1.77636E-15,0,0,0,0,0,0,0,0,0,0,0,0,0,0,0,0,0,0,0,0,0,0,0
134,0.999997545,0.999999701,0.999999964,0.999999996,1,1,1,1,1,1,1,1,1,1,1,1,1,1,1,1,1,1,1,1,1,1,1,1,1,1,1,,,,,,,,,,,,,4.18507E-07,5.86961E-08,7.9629E-09,9.65037E-10,5.50113E-11,2.88225E-12,3.51941E-14,1.11022E-15,0,0,0,0,0,0,0,0,0,0,0,0,0,0,0,0,0,0,0,0,0,0,0
135,0.999997963,0.99999976,0.999999972,0.999999997,1,1,1,1,1,1,1,1,1,1,1,1,1,1,1,1,1,1,1,1,1,1,1,1,1,1,1,,,,,,,,,,,,,3.49362E-07,4.74695E-08,6.2428E-09,7.32538E-10,3.99885E-11,2.00451E-12,2.28706E-14,0,0,0,0,0,0,0,0,0,0,0,0,0,0,0,0,0,0,0,0,0,0,0,0
136,0.999998312,0.999999807,0.999999978,0.999999998,1,1,1,1,1,1,1,1,1,1,1,1,1,1,1,1,1,1,1,1,1,1,1,1,1,1,1,,,,,,,,,,,,,2.9125E-07,3.83295E-08,4.88545E-09,5.54927E-10,2.90006E-11,1.39044E-12,1.4766E-14,0,0,0,0,0,0,0,0,0,0,0,0,0,0,0,0,0,0,0,0,0,0,0,0
137,0.999998604,0.999999845,0.999999983,0.999999998,1,1,1,1,1,1,1,1,1,1,1,1,1,1,1,1,1,1,1,1,1,1,1,1,1,1,1,,,,,,,,,,,,,2.42479E-07,3.09005E-08,3.81635E-09,4.1953E-10,2.09832E-11,9.62008E-13,9.4369E-15,0,0,0,0,0,0,0,0,0,0,0,0,0,0,0,0,0,0,0,0,0,0,0,0
138,0.999998846,0.999999876,0.999999987,0.999999999,1,1,1,1,1,1,1,1,1,1,1,1,1,1,1,1,1,1,1,1,1,1,1,1,1,1,1,,,,,,,,,,,,,2.01603E-07,2.48721E-08,2.97585E-09,3.16527E-10,1.5147E-11,6.63802E-13,6.10623E-15,0,0,0,0,0,0,0,0,0,0,0,0,0,0,0,0,0,0,0,0,0,0,0,0
139,0.999999048,0.999999901,0.99999999,0.999999999,1,1,1,1,1,1,1,1,1,1,1,1,1,1,1,1,1,1,1,1,1,1,1,1,1,1,1,,,,,,,,,,,,,1.67394E-07,1.99882E-08,2.31629E-09,2.38331E-10,1.09087E-11,4.56857E-13,3.88578E-15,0,0,0,0,0,0,0,0,0,0,0,0,0,0,0,0,0,0,0,0,0,0,0,0
140,0.999999215,0.999999921,0.999999992,0.999999999,1,1,1,1,1,1,1,1,1,1,1,1,1,1,1,1,1,1,1,1,1,1,1,1,1,1,1,,,,,,,,,,,,,1.38804E-07,1.6038E-08,1.79968E-09,1.79091E-10,7.83829E-12,3.13638E-13,2.55351E-15,0,0,0,0,0,0,0,0,0,0,0,0,0,0,0,0,0,0,0,0,0,0,0,0
141,0.999999354,0.999999937,0.999999994,0.999999999,1,1,1,1,1,1,1,1,1,1,1,1,1,1,1,1,1,1,1,1,1,1,1,1,1,1,1,,,,,,,,,,,,,1.14942E-07,1.28483E-08,1.39578E-09,1.34304E-10,5.61895E-12,2.14717E-13,1.55431E-15,0,0,0,0,0,0,0,0,0,0,0,0,0,0,0,0,0,0,0,0,0,0,0,0
142,0.999999469,0.99999995,0.999999995,1,1,1,1,1,1,1,1,1,1,1,1,1,1,1,1,1,1,1,1,1,1,1,1,1,1,1,1,,,,,,,,,,,,,9.50561E-08,1.02767E-08,1.08059E-09,1.00515E-10,4.01879E-12,1.46549E-13,9.99201E-16,0,0,0,0,0,0,0,0,0,0,0,0,0,0,0,0,0,0,0,0,0,0,0,0
143,0.999999564,0.99999996,0.999999996,1,1,1,1,1,1,1,1,1,1,1,1,1,1,1,1,1,1,1,1,1,1,1,1,1,1,1,1,,,,,,,,,,,,,7.85054E-08,8.20694E-09,8.35074E-10,7.50747E-11,2.8676E-12,9.9809E-14,0,0,0,0,0,0,0,0,0,0,0,0,0,0,0,0,0,0,0,0,0,0,0,0,0
144,0.999999642,0.999999969,0.999999997,1,1,1,1,1,1,1,1,1,1,1,1,1,1,1,1,1,1,1,1,1,1,1,1,1,1,1,1,,,,,,,,,,,,,6.475E-08,6.54373E-09,6.44188E-10,5.59608E-11,2.04137E-12,6.78346E-14,0,0,0,0,0,0,0,0,0,0,0,0,0,0,0,0,0,0,0,0,0,0,0,0,0
145,0.999999707,0.999999975,0.999999998,1,1,1,1,1,1,1,1,1,1,1,1,1,1,1,1,1,1,1,1,1,1,1,1,1,1,1,1,,,,,,,,,,,,,5.33337E-08,5.20941E-09,4.96047E-10,4.16293E-11,1.45006E-12,4.59632E-14,0,0,0,0,0,0,0,0,0,0,0,0,0,0,0,0,0,0,0,0,0,0,0,0,0
146,0.999999761,0.99999998,0.999999998,1,1,1,1,1,1,1,1,1,1,1,1,1,1,1,1,1,1,1,1,1,1,1,1,1,1,1,1,,,,,,,,,,,,,4.38718E-08,4.14066E-09,3.81291E-10,3.09058E-11,1.0274E-12,3.10862E-14,0,0,0,0,0,0,0,0,0,0,0,0,0,0,0,0,0,0,0,0,0,0,0,0,0
147,0.999999804,0.999999985,0.999999999,1,1,1,1,1,1,1,1,1,1,1,1,1,1,1,1,1,1,1,1,1,1,1,1,1,1,1,1,,,,,,,,,,,,,3.60405E-08,3.28603E-09,2.92559E-10,2.28986E-11,7.2653E-13,2.08722E-14,0,0,0,0,0,0,0,0,0,0,0,0,0,0,0,0,0,0,0,0,0,0,0,0,0
148,0.99999984,0.999999988,0.999999999,1,1,1,1,1,1,1,1,1,1,1,1,1,1,1,1,1,1,1,1,1,1,1,1,1,1,1,1,,,,,,,,,,,,,2.95678E-08,2.6037E-09,2.24076E-10,1.69319E-11,5.12368E-13,1.40998E-14,0,0,0,0,0,0,0,0,0,0,0,0,0,0,0,0,0,0,0,0,0,0,0,0,0
149,0.99999987,0.99999999,0.999999999,1,1,1,1,1,1,1,1,1,1,1,1,1,1,1,1,1,1,1,1,1,1,1,1,1,1,1,1,,,,,,,,,,,,,2.42254E-08,2.05984E-09,1.71318E-10,1.24949E-11,3.606E-13,9.4369E-15,0,0,0,0,0,0,0,0,0,0,0,0,0,0,0,0,0,0,0,0,0,0,0,0,0
150,0.999999894,0.999999992,0.999999999,1,1,1,1,1,1,1,1,1,1,1,1,1,1,1,1,1,1,1,1,1,1,1,1,1,1,1,1,,,,,,,,,,,,,1.9822E-08,1.62703E-09,1.30748E-10,9.20197E-12,2.53242E-13,6.32827E-15,0,0,0,0,0,0,0,0,0,0,0,0,0,0,0,0,0,0,0,0,0,0,0,0,0
151,0.999999914,0.999999994,1,1,1,1,1,1,1,1,1,1,1,1,1,1,1,1,1,1,1,1,1,1,1,1,1,1,1,1,1,,,,,,,,,,,,,1.61975E-08,1.28315E-09,9.96082E-11,6.76337E-12,1.77303E-13,4.21885E-15,0,0,0,0,0,0,0,0,0,0,0,0,0,0,0,0,0,0,0,0,0,0,0,0,0
152,0.99999993,0.999999995,1,1,1,1,1,1,1,1,1,1,1,1,1,1,1,1,1,1,1,1,1,1,1,1,1,1,1,1,1,,,,,,,,,,,,,1.32182E-08,1.01038E-09,7.57496E-11,4.96114E-12,1.24012E-13,2.77556E-15,0,0,0,0,0,0,0,0,0,0,0,0,0,0,0,0,0,0,0,0,0,0,0,0,0
153,0.999999943,0.999999996,1,1,1,1,1,1,1,1,1,1,1,1,1,1,1,1,1,1,1,1,1,1,1,1,1,1,1,1,1,,,,,,,,,,,,,1.07727E-08,7.94347E-10,5.75033E-11,3.63176E-12,8.63754E-14,1.88738E-15,0,0,0,0,0,0,0,0,0,0,0,0,0,0,0,0,0,0,0,0,0,0,0,0,0
154,0.999999954,0.999999997,1,1,1,1,1,1,1,1,1,1,1,1,1,1,1,1,1,1,1,1,1,1,1,1,1,1,1,1,1,,,,,,,,,,,,,8.76798E-09,6.23534E-10,4.35746E-11,2.65332E-12,6.01741E-14,1.22125E-15,0,0,0,0,0,0,0,0,0,0,0,0,0,0,0,0,0,0,0,0,0,0,0,0,0
155,0.999999963,0.999999998,1,1,1,1,1,1,1,1,1,1,1,1,1,1,1,1,1,1,1,1,1,1,1,1,1,1,1,1,1,,,,,,,,,,,,,7.12692E-09,4.8869E-10,3.29612E-11,1.93467E-12,4.17444E-14,0,0,0,0,0,0,0,0,0,0,0,0,0,0,0,0,0,0,0,0,0,0,0,0,0,0
156,0.99999997,0.999999998,1,1,1,1,1,1,1,1,1,1,1,1,1,1,1,1,1,1,1,1,1,1,1,1,1,1,1,1,1,,,,,,,,,,,,,5.78537E-09,3.82411E-10,2.48885E-11,1.40776E-12,2.88658E-14,0,0,0,0,0,0,0,0,0,0,0,0,0,0,0,0,0,0,0,0,0,0,0,0,0,0
157,0.999999976,0.999999999,1,1,1,1,1,1,1,1,1,1,1,1,1,1,1,1,1,1,1,1,1,1,1,1,1,1,1,1,1,,,,,,,,,,,,,4.69016E-09,2.9878E-10,1.87597E-11,1.0224E-12,1.9984E-14,0,0,0,0,0,0,0,0,0,0,0,0,0,0,0,0,0,0,0,0,0,0,0,0,0,0
158,0.999999981,0.999999999,1,1,1,1,1,1,1,1,1,1,1,1,1,1,1,1,1,1,1,1,1,1,1,1,1,1,1,1,1,,,,,,,,,,,,,3.79727E-09,2.33076E-10,1.4115E-11,7.40963E-13,1.37668E-14,0,0,0,0,0,0,0,0,0,0,0,0,0,0,0,0,0,0,0,0,0,0,0,0,0,0
159,0.999999984,0.999999999,1,1,1,1,1,1,1,1,1,1,1,1,1,1,1,1,1,1,1,1,1,1,1,1,1,1,1,1,1,,,,,,,,,,,,,3.07032E-09,1.81538E-10,1.06015E-11,5.36016E-13,9.4369E-15,0,0,0,0,0,0,0,0,0,0,0,0,0,0,0,0,0,0,0,0,0,0,0,0,0,0
160,0.999999987,0.999999999,1,1,1,1,1,1,1,1,1,1,1,1,1,1,1,1,1,1,1,1,1,1,1,1,1,1,1,1,1,,,,,,,,,,,,,2.47927E-09,1.41177E-10,7.94842E-12,3.86913E-13,6.55032E-15,0,0,0,0,0,0,0,0,0,0,0,0,0,0,0,0,0,0,0,0,0,0,0,0,0,0
161,0.99999999,1,1,1,1,1,1,1,1,1,1,1,1,1,1,1,1,1,1,1,1,1,1,1,1,1,1,1,1,1,1,,,,,,,,,,,,,1.99937E-09,1.09619E-10,5.9488E-12,2.78666E-13,4.44089E-15,0,0,0,0,0,0,0,0,0,0,0,0,0,0,0,0,0,0,0,0,0,0,0,0,0,0
162,0.999999992,1,1,1,1,1,1,1,1,1,1,1,1,1,1,1,1,1,1,1,1,1,1,1,1,1,1,1,1,1,1,,,,,,,,,,,,,1.61024E-09,8.49837E-11,4.44444E-12,2.00506E-13,2.9976E-15,0,0,0,0,0,0,0,0,0,0,0,0,0,0,0,0,0,0,0,0,0,0,0,0,0,0
163,0.999999994,1,1,1,1,1,1,1,1,1,1,1,1,1,1,1,1,1,1,1,1,1,1,1,1,1,1,1,1,1,1,,,,,,,,,,,,,1.29515E-09,6.57827E-11,3.31446E-12,1.43774E-13,2.10942E-15,0,0,0,0,0,0,0,0,0,0,0,0,0,0,0,0,0,0,0,0,0,0,0,0,0,0
164,0.999999995,1,1,1,1,1,1,1,1,1,1,1,1,1,1,1,1,1,1,1,1,1,1,1,1,1,1,1,1,1,1,,,,,,,,,,,,,1.04035E-09,5.0841E-11,2.46758E-12,1.03029E-13,1.44329E-15,0,0,0,0,0,0,0,0,0,0,0,0,0,0,0,0,0,0,0,0,0,0,0,0,0,0
165,0.999999996,1,1,1,1,1,1,1,1,1,1,1,1,1,1,1,1,1,1,1,1,1,1,1,1,1,1,1,1,1,1,,,,,,,,,,,,,8.34582E-10,3.92324E-11,1.83376E-12,7.36078E-14,8.88178E-16,0,0,0,0,0,0,0,0,0,0,0,0,0,0,0,0,0,0,0,0,0,0,0,0,0,0
166,0.999999997,1,1,1,1,1,1,1,1,1,1,1,1,1,1,1,1,1,1,1,1,1,1,1,1,1,1,1,1,1,1,,,,,,,,,,,,,6.68636E-10,3.02275E-11,1.36036E-12,5.25135E-14,0,0,0,0,0,0,0,0,0,0,0,0,0,0,0,0,0,0,0,0,0,0,0,0,0,0,0
167,0.999999997,1,1,1,1,1,1,1,1,1,1,1,1,1,1,1,1,1,1,1,1,1,1,1,1,1,1,1,1,1,1,,,,,,,,,,,,,5.34985E-10,2.32536E-11,1.00731E-12,3.74145E-14,0,0,0,0,0,0,0,0,0,0,0,0,0,0,0,0,0,0,0,0,0,0,0,0,0,0,0
168,0.999999998,1,1,1,1,1,1,1,1,1,1,1,1,1,1,1,1,1,1,1,1,1,1,1,1,1,1,1,1,1,1,,,,,,,,,,,,,4.27489E-10,1.7861E-11,7.44738E-13,2.65343E-14,0,0,0,0,0,0,0,0,0,0,0,0,0,0,0,0,0,0,0,0,0,0,0,0,0,0,0
169,0.999999998,1,1,1,1,1,1,1,1,1,1,1,1,1,1,1,1,1,1,1,1,1,1,1,1,1,1,1,1,1,1,,,,,,,,,,,,,3.41147E-10,1.36978E-11,5.4956E-13,1.88738E-14,0,0,0,0,0,0,0,0,0,0,0,0,0,0,0,0,0,0,0,0,0,0,0,0,0,0,0
170,0.999999999,1,1,1,1,1,1,1,1,1,1,1,1,1,1,1,1,1,1,1,1,1,1,1,1,1,1,1,1,1,1,,,,,,,,,,,,,2.71888E-10,1.04887E-11,4.04787E-13,1.33227E-14,0,0,0,0,0,0,0,0,0,0,0,0,0,0,0,0,0,0,0,0,0,0,0,0,0,0,0
171,0.999999999,1,1,1,1,1,1,1,1,1,1,1,1,1,1,1,1,1,1,1,1,1,1,1,1,1,1,1,1,1,1,,,,,,,,,,,,,2.16407E-10,8.01925E-12,2.97651E-13,9.4369E-15,0,0,0,0,0,0,0,0,0,0,0,0,0,0,0,0,0,0,0,0,0,0,0,0,0,0,0
172,0.999999999,1,1,1,1,1,1,1,1,1,1,1,1,1,1,1,1,1,1,1,1,1,1,1,1,1,1,1,1,1,1,,,,,,,,,,,,,1.72023E-10,6.12155E-12,2.18492E-13,6.55032E-15,0,0,0,0,0,0,0,0,0,0,0,0,0,0,0,0,0,0,0,0,0,0,0,0,0,0,0
173,0.999999999,1,1,1,1,1,1,1,1,1,1,1,1,1,1,1,1,1,1,1,1,1,1,1,1,1,1,1,1,1,1,,,,,,,,,,,,,1.36564E-10,4.66582E-12,1.60094E-13,4.66294E-15,0,0,0,0,0,0,0,0,0,0,0,0,0,0,0,0,0,0,0,0,0,0,0,0,0,0,0
174,0.999999999,1,1,1,1,1,1,1,1,1,1,1,1,1,1,1,1,1,1,1,1,1,1,1,1,1,1,1,1,1,1,,,,,,,,,,,,,1.08273E-10,3.55083E-12,1.17018E-13,3.33067E-15,0,0,0,0,0,0,0,0,0,0,0,0,0,0,0,0,0,0,0,0,0,0,0,0,0,0,0
175,1,1,1,1,1,1,1,1,1,1,1,1,1,1,1,1,1,1,1,1,1,1,1,1,1,1,1,1,1,1,1,,,,,,,,,,,,,8.57306E-11,2.69818E-12,8.55982E-14,2.33147E-15,0,0,0,0,0,0,0,0,0,0,0,0,0,0,0,0,0,0,0,0,0,0,0,0,0,0,0
176,1,1,1,1,1,1,1,1,1,1,1,1,1,1,1,1,1,1,1,1,1,1,1,1,1,1,1,1,1,1,1,,,,,,,,,,,,,6.77937E-11,2.04692E-12,6.22835E-14,1.55431E-15,0,0,0,0,0,0,0,0,0,0,0,0,0,0,0,0,0,0,0,0,0,0,0,0,0,0,0
177,1,1,1,1,1,1,1,1,1,1,1,1,1,1,1,1,1,1,1,1,1,1,1,1,1,1,1,1,1,1,1,,,,,,,,,,,,,5.35398E-11,1.55065E-12,4.52971E-14,1.11022E-15,0,0,0,0,0,0,0,0,0,0,0,0,0,0,0,0,0,0,0,0,0,0,0,0,0,0,0
178,1,1,1,1,1,1,1,1,1,1,1,1,1,1,1,1,1,1,1,1,1,1,1,1,1,1,1,1,1,1,1,,,,,,,,,,,,,4.2228E-11,1.17284E-12,3.29736E-14,0,0,0,0,0,0,0,0,0,0,0,0,0,0,0,0,0,0,0,0,0,0,0,0,0,0,0,0
179,1,1,1,1,1,1,1,1,1,1,1,1,1,1,1,1,1,1,1,1,1,1,1,1,1,1,1,1,1,1,1,,,,,,,,,,,,,3.32628E-11,8.85736E-13,2.38698E-14,0,0,0,0,0,0,0,0,0,0,0,0,0,0,0,0,0,0,0,0,0,0,0,0,0,0,0,0
180,1,1,1,1,1,1,1,1,1,1,1,1,1,1,1,1,1,1,1,1,1,1,1,1,1,1,1,1,1,1,1,,,,,,,,,,,,,2.61671E-11,6.6791E-13,1.73195E-14,0,0,0,0,0,0,0,0,0,0,0,0,0,0,0,0,0,0,0,0,0,0,0,0,0,0,0,0
181,1,1,1,1,1,1,1,1,1,1,1,1,1,1,1,1,1,1,1,1,1,1,1,1,1,1,1,1,1,1,1,,,,,,,,,,,,,2.05583E-11,5.0282E-13,1.24345E-14,0,0,0,0,0,0,0,0,0,0,0,0,0,0,0,0,0,0,0,0,0,0,0,0,0,0,0,0
182,1,1,1,1,1,1,1,1,1,1,1,1,1,1,1,1,1,1,1,1,1,1,1,1,1,1,1,1,1,1,1,,,,,,,,,,,,,1.61308E-11,3.7792E-13,9.10383E-15,0,0,0,0,0,0,0,0,0,0,0,0,0,0,0,0,0,0,0,0,0,0,0,0,0,0,0,0
183,1,1,1,1,1,1,1,1,1,1,1,1,1,1,1,1,1,1,1,1,1,1,1,1,1,1,1,1,1,1,1,,,,,,,,,,,,,1.26406E-11,2.83773E-13,6.43929E-15,0,0,0,0,0,0,0,0,0,0,0,0,0,0,0,0,0,0,0,0,0,0,0,0,0,0,0,0
184,1,1,1,1,1,1,1,1,1,1,1,1,1,1,1,1,1,1,1,1,1,1,1,1,1,1,1,1,1,1,1,,,,,,,,,,,,,9.89253E-12,2.12608E-13,4.66294E-15,0,0,0,0,0,0,0,0,0,0,0,0,0,0,0,0,0,0,0,0,0,0,0,0,0,0,0,0
185,1,1,1,1,1,1,1,1,1,1,1,1,1,1,1,1,1,1,1,1,1,1,1,1,1,1,1,1,1,1,1,,,,,,,,,,,,,7.73193E-12,1.59095E-13,3.33067E-15,0,0,0,0,0,0,0,0,0,0,0,0,0,0,0,0,0,0,0,0,0,0,0,0,0,0,0,0
186,1,1,1,1,1,1,1,1,1,1,1,1,1,1,1,1,1,1,1,1,1,1,1,1,1,1,1,1,1,1,1,,,,,,,,,,,,,6.03551E-12,1.18794E-13,2.44249E-15,0,0,0,0,0,0,0,0,0,0,0,0,0,0,0,0,0,0,0,0,0,0,0,0,0,0,0,0
187,1,1,1,1,1,1,1,1,1,1,1,1,1,1,1,1,1,1,1,1,1,1,1,1,1,1,1,1,1,1,1,,,,,,,,,,,,,4.70513E-12,8.87068E-14,1.66533E-15,0,0,0,0,0,0,0,0,0,0,0,0,0,0,0,0,0,0,0,0,0,0,0,0,0,0,0,0
188,1,1,1,1,1,1,1,1,1,1,1,1,1,1,1,1,1,1,1,1,1,1,1,1,1,1,1,1,1,1,1,,,,,,,,,,,,,3.66329E-12,6.60583E-14,1.22125E-15,0,0,0,0,0,0,0,0,0,0,0,0,0,0,0,0,0,0,0,0,0,0,0,0,0,0,0,0
189,1,1,1,1,1,1,1,1,1,1,1,1,1,1,1,1,1,1,1,1,1,1,1,1,1,1,1,1,1,1,1,,,,,,,,,,,,,2.84839E-12,4.90719E-14,8.88178E-16,0,0,0,0,0,0,0,0,0,0,0,0,0,0,0,0,0,0,0,0,0,0,0,0,0,0,0,0
190,1,1,1,1,1,1,1,1,1,1,1,1,1,1,1,1,1,1,1,1,1,1,1,1,1,1,1,1,1,1,1,,,,,,,,,,,,,2.21201E-12,3.65263E-14,0,0,0,0,0,0,0,0,0,0,0,0,0,0,0,0,0,0,0,0,0,0,0,0,0,0,0,0,0
191,1,1,1,1,1,1,1,1,1,1,1,1,1,1,1,1,1,1,1,1,1,1,1,1,1,1,1,1,1,1,1,,,,,,,,,,,,,1.71552E-12,2.70894E-14,0,0,0,0,0,0,0,0,0,0,0,0,0,0,0,0,0,0,0,0,0,0,0,0,0,0,0,0,0
192,1,1,1,1,1,1,1,1,1,1,1,1,1,1,1,1,1,1,1,1,1,1,1,1,1,1,1,1,1,1,1,,,,,,,,,,,,,1.32883E-12,1.9984E-14,0,0,0,0,0,0,0,0,0,0,0,0,0,0,0,0,0,0,0,0,0,0,0,0,0,0,0,0,0
193,1,1,1,1,1,1,1,1,1,1,1,1,1,1,1,1,1,1,1,1,1,1,1,1,1,1,1,1,1,1,1,,,,,,,,,,,,,1.02796E-12,1.4766E-14,0,0,0,0,0,0,0,0,0,0,0,0,0,0,0,0,0,0,0,0,0,0,0,0,0,0,0,0,0
194,1,1,1,1,1,1,1,1,1,1,1,1,1,1,1,1,1,1,1,1,1,1,1,1,1,1,1,1,1,1,1,,,,,,,,,,,,,7.94143E-13,1.09912E-14,0,0,0,0,0,0,0,0,0,0,0,0,0,0,0,0,0,0,0,0,0,0,0,0,0,0,0,0,0
195,1,1,1,1,1,1,1,1,1,1,1,1,1,1,1,1,1,1,1,1,1,1,1,1,1,1,1,1,1,1,1,,,,,,,,,,,,,6.12732E-13,7.99361E-15,0,0,0,0,0,0,0,0,0,0,0,0,0,0,0,0,0,0,0,0,0,0,0,0,0,0,0,0,0
196,1,1,1,1,1,1,1,1,1,1,1,1,1,1,1,1,1,1,1,1,1,1,1,1,1,1,1,1,1,1,1,,,,,,,,,,,,,4.72178E-13,5.88418E-15,0,0,0,0,0,0,0,0,0,0,0,0,0,0,0,0,0,0,0,0,0,0,0,0,0,0,0,0,0
197,1,1,1,1,1,1,1,1,1,1,1,1,1,1,1,1,1,1,1,1,1,1,1,1,1,1,1,1,1,1,1,,,,,,,,,,,,,3.63376E-13,4.44089E-15,0,0,0,0,0,0,0,0,0,0,0,0,0,0,0,0,0,0,0,0,0,0,0,0,0,0,0,0,0
198,1,1,1,1,1,1,1,1,1,1,1,1,1,1,1,1,1,1,1,1,1,1,1,1,1,1,1,1,1,1,1,,,,,,,,,,,,,2.79221E-13,3.10862E-15,0,0,0,0,0,0,0,0,0,0,0,0,0,0,0,0,0,0,0,0,0,0,0,0,0,0,0,0,0
199,1,1,1,1,1,1,1,1,1,1,1,1,1,1,1,1,1,1,1,1,1,1,1,1,1,1,1,1,1,1,1,,,,,,,,,,,,,2.14495E-13,2.44249E-15,0,0,0,0,0,0,0,0,0,0,0,0,0,0,0,0,0,0,0,0,0,0,0,0,0,0,0,0,0
200,1,1,1,1,1,1,1,1,1,1,1,1,1,1,1,1,1,1,1,1,1,1,1,1,1,1,1,1,1,1,1,,,,,,,,,,,,,1.64313E-13,1.66533E-15,0,0,0,0,0,0,0,0,0,0,0,0,0,0,0,0,0,0,0,0,0,0,0,0,0,0,0,0,0
201,1,1,1,1,1,1,1,1,1,1,1,1,1,1,1,1,1,1,1,1,1,1,1,1,1,1,1,1,1,1,1,,,,,,,,,,,,,1.25899E-13,1.22125E-15,0,0,0,0,0,0,0,0,0,0,0,0,0,0,0,0,0,0,0,0,0,0,0,0,0,0,0,0,0
202,1,1,1,1,1,1,1,1,1,1,1,1,1,1,1,1,1,1,1,1,1,1,1,1,1,1,1,1,1,1,1,,,,,,,,,,,,,9.61453E-14,8.88178E-16,0,0,0,0,0,0,0,0,0,0,0,0,0,0,0,0,0,0,0,0,0,0,0,0,0,0,0,0,0
203,1,1,1,1,1,1,1,1,1,1,1,1,1,1,1,1,1,1,1,1,1,1,1,1,1,1,1,1,1,1,1,,,,,,,,,,,,,7.34968E-14,0,0,0,0,0,0,0,0,0,0,0,0,0,0,0,0,0,0,0,0,0,0,0,0,0,0,0,0,0,0
204,1,1,1,1,1,1,1,1,1,1,1,1,1,1,1,1,1,1,1,1,1,1,1,1,1,1,1,1,1,1,1,,,,,,,,,,,,,5.60663E-14,0,0,0,0,0,0,0,0,0,0,0,0,0,0,0,0,0,0,0,0,0,0,0,0,0,0,0,0,0,0
205,1,1,1,1,1,1,1,1,1,1,1,1,1,1,1,1,1,1,1,1,1,1,1,1,1,1,1,1,1,1,1,,,,,,,,,,,,,4.27436E-14,0,0,0,0,0,0,0,0,0,0,0,0,0,0,0,0,0,0,0,0,0,0,0,0,0,0,0,0,0,0
206,1,1,1,1,1,1,1,1,1,1,1,1,1,1,1,1,1,1,1,1,1,1,1,1,1,1,1,1,1,1,1,,,,,,,,,,,,,3.24185E-14,0,0,0,0,0,0,0,0,0,0,0,0,0,0,0,0,0,0,0,0,0,0,0,0,0,0,0,0,0,0
207,1,1,1,1,1,1,1,1,1,1,1,1,1,1,1,1,1,1,1,1,1,1,1,1,1,1,1,1,1,1,1,,,,,,,,,,,,,2.4758E-14,0,0,0,0,0,0,0,0,0,0,0,0,0,0,0,0,0,0,0,0,0,0,0,0,0,0,0,0,0,0
208,1,1,1,1,1,1,1,1,1,1,1,1,1,1,1,1,1,1,1,1,1,1,1,1,1,1,1,1,1,1,1,,,,,,,,,,,,,1.86517E-14,0,0,0,0,0,0,0,0,0,0,0,0,0,0,0,0,0,0,0,0,0,0,0,0,0,0,0,0,0,0
209,1,1,1,1,1,1,1,1,1,1,1,1,1,1,1,1,1,1,1,1,1,1,1,1,1,1,1,1,1,1,1,,,,,,,,,,,,,1.42109E-14,0,0,0,0,0,0,0,0,0,0,0,0,0,0,0,0,0,0,0,0,0,0,0,0,0,0,0,0,0,0
210,1,1,1,1,1,1,1,1,1,1,1,1,1,1,1,1,1,1,1,1,1,1,1,1,1,1,1,1,1,1,1,,,,,,,,,,,,,1.07692E-14,0,0,0,0,0,0,0,0,0,0,0,0,0,0,0,0,0,0,0,0,0,0,0,0,0,0,0,0,0,0
211,1,1,1,1,1,1,1,1,1,1,1,1,1,1,1,1,1,1,1,1,1,1,1,1,1,1,1,1,1,1,1,,,,,,,,,,,,,8.10463E-15,0,0,0,0,0,0,0,0,0,0,0,0,0,0,0,0,0,0,0,0,0,0,0,0,0,0,0,0,0,0
212,1,1,1,1,1,1,1,1,1,1,1,1,1,1,1,1,1,1,1,1,1,1,1,1,1,1,1,1,1,1,1,,,,,,,,,,,,,6.10623E-15,0,0,0,0,0,0,0,0,0,0,0,0,0,0,0,0,0,0,0,0,0,0,0,0,0,0,0,0,0,0
213,1,1,1,1,1,1,1,1,1,1,1,1,1,1,1,1,1,1,1,1,1,1,1,1,1,1,1,1,1,1,1,,,,,,,,,,,,,4.66294E-15,0,0,0,0,0,0,0,0,0,0,0,0,0,0,0,0,0,0,0,0,0,0,0,0,0,0,0,0,0,0
214,1,1,1,1,1,1,1,1,1,1,1,1,1,1,1,1,1,1,1,1,1,1,1,1,1,1,1,1,1,1,1,,,,,,,,,,,,,3.44169E-15,0,0,0,0,0,0,0,0,0,0,0,0,0,0,0,0,0,0,0,0,0,0,0,0,0,0,0,0,0,0
215,1,1,1,1,1,1,1,1,1,1,1,1,1,1,1,1,1,1,1,1,1,1,1,1,1,1,1,1,1,1,1,,,,,,,,,,,,,2.66454E-15,0,0,0,0,0,0,0,0,0,0,0,0,0,0,0,0,0,0,0,0,0,0,0,0,0,0,0,0,0,0
216,1,1,1,1,1,1,1,1,1,1,1,1,1,1,1,1,1,1,1,1,1,1,1,1,1,1,1,1,1,1,1,,,,,,,,,,,,,1.9984E-15,0,0,0,0,0,0,0,0,0,0,0,0,0,0,0,0,0,0,0,0,0,0,0,0,0,0,0,0,0,0
217,1,1,1,1,1,1,1,1,1,1,1,1,1,1,1,1,1,1,1,1,1,1,1,1,1,1,1,1,1,1,1,,,,,,,,,,,,,1.44329E-15,0,0,0,0,0,0,0,0,0,0,0,0,0,0,0,0,0,0,0,0,0,0,0,0,0,0,0,0,0,0
218,1,1,1,1,1,1,1,1,1,1,1,1,1,1,1,1,1,1,1,1,1,1,1,1,1,1,1,1,1,1,1,,,,,,,,,,,,,1.11022E-15,0,0,0,0,0,0,0,0,0,0,0,0,0,0,0,0,0,0,0,0,0,0,0,0,0,0,0,0,0,0
219,1,1,1,1,1,1,1,1,1,1,1,1,1,1,1,1,1,1,1,1,1,1,1,1,1,1,1,1,1,1,1,,,,,,,,,,,,,0,0,0,0,0,0,0,0,0,0,0,0,0,0,0,0,0,0,0,0,0,0,0,0,0,0,0,0,0,0,0
220,1,1,1,1,1,1,1,1,1,1,1,1,1,1,1,1,1,1,1,1,1,1,1,1,1,1,1,1,1,1,1,,,,,,,,,,,,,0,0,0,0,0,0,0,0,0,0,0,0,0,0,0,0,0,0,0,0,0,0,0,0,0,0,0,0,0,0,0
221,1,1,1,1,1,1,1,1,1,1,1,1,1,1,1,1,1,1,1,1,1,1,1,1,1,1,1,1,1,1,1,,,,,,,,,,,,,0,0,0,0,0,0,0,0,0,0,0,0,0,0,0,0,0,0,0,0,0,0,0,0,0,0,0,0,0,0,0
222,1,1,1,1,1,1,1,1,1,1,1,1,1,1,1,1,1,1,1,1,1,1,1,1,1,1,1,1,1,1,1,,,,,,,,,,,,,-1,-1,-1,-1,-1,-1,-1,-1,-1,-1,-1,-1,-1,-1,-1,-1,-1,-1,-1,-1,-1,-1,-1,-1,-1,-1,-1,-1,-1,-1,-1